Workbook

Sheet Veda
G1: 1-25,36-40
D2: ="~Inputcell: "&_xlfn.TEXTJOIN(",",TRUE,G1:EE1) -> ~Inputcell: 1-25,36-40
D3: 3
D5: =VLOOKUP(D3,$C$9:$E$999,2,FALSE) -> ts_annual | E5: =VLOOKUP(D3,$C$9:$E$999,3,FALSE) -> C3
B7: ~Scenmap
A8: priority | B8: scen | C8: case_no | D8: timeslice | E8: climate | AM8: bio price multiplier
A9: 5 | B9: =VLOOKUP(E9,$AK$9:$AL$15,2,FALSE) -> e 1.5 deg no OS | C9: 1 | D9: =VLOOKUP(AJ9,$AG$9:$AH$22,2,FALSE) -> ts_annual | E9: C1 | G9: Limit warming to 1.5°C (>50%) with no or limited overshoot | AG9: 1 | AH9: ts_annual | AI9: xAnn | AJ9: 1 | AK9: C1 | AL9: e 1.5 deg no OS | AM9: 5
A10: 5 | B10: =VLOOKUP(E10,$AK$9:$AL$15,2,FALSE) -> d 1.5 deg OS | C10: =C9+1 -> 2 | D10: =VLOOKUP(AJ10,$AG$9:$AH$22,2,FALSE) -> ts_annual | E10: C2 | G10: Limit warming to 1.5°C (>67%) with high overshoot | S10: IEA | AG10: 2 | AH10: ts_12t | AI10: x12 | AJ10: 1 | AK10: C2 | AL10: d 1.5 deg OS | AM10: 4
A11: 5 | B11: =VLOOKUP(E11,$AK$9:$AL$15,2,FALSE) -> c 2 deg (67%) | C11: =C10+1 -> 3 | D11: =VLOOKUP(AJ11,$AG$9:$AH$22,2,FALSE) -> ts_annual | E11: C3 | G11: Limit warming to 2°C (>67%) with higher action post-2030 | S11: 2022 | AG11: 3 | AH11: ts_012 | AI11: =AH11 -> ts_012 | AJ11: 1 | AK11: C3 | AL11: c 2 deg (67%) | AM11: 3
A12: 5 | B12: =VLOOKUP(E12,$AK$9:$AL$15,2,FALSE) -> b 2 deg (50%) | C12: =C11+1 -> 4 | D12: =VLOOKUP(AJ12,$AG$9:$AH$22,2,FALSE) -> ts_annual | E12: C4 | G12: Limit warming to 2°C (>50%) with immediate action | S12: =SUMIFS(iea_data!I3:I9999,iea_data!$B$3:$B$9999,Veda!$S$11)+T28-T29 -> 177.03 | T12: base-year generation (TWh) | AG12: 4 | AH12: ts_030 | AI12: =AH12 -> ts_030 | AJ12: 1 | AK12: C4 | AL12: b 2 deg (50%) | AM12: 3
A13: 5 | B13: =VLOOKUP(E13,$AK$9:$AL$15,2,FALSE) -> a 3 deg | C13: =C12+1 -> 5 | D13: =VLOOKUP(AJ13,$AG$9:$AH$22,2,FALSE) -> ts_annual | E13: C7 | G13: Likely above 3°C warming with limited mitigation | AG13: 5 | AH13: ts_048 | AI13: =AH13 -> ts_048 | AJ13: 1 | AK13: C7 | AL13: a 3 deg | AM13: 1.5
T14: =S12 -> 177.03 | U14: =$S$12*J15 -> 185.8815 | V14: =$S$12*K15 -> 207.1251 | W14: =$S$12*L15 -> 233.6796 | X14: =$S$12*M15 -> 265.545 | Y14: =$S$12*N15 -> 297.4104 | Z14: =$S$12*O15 -> 320.4243 | AG14: 6 | AH14: ts_072 | AI14: =AH14 -> ts_072 | AJ14: =AJ9+1 -> 2
G15: Electricity growth relative to 2020 | I15: =SUMIFS(ar6_r10!$F$2:$F$999,ar6_r10!$A$2:$A$999,Veda!$E$5,ar6_r10!$C$2:$C$999,Veda!I$17,ar6_r10!$M$2:$M$999,Veda!$G15) -> 1 | J15: =SUMIFS(ar6_r10!$F$2:$F$999,ar6_r10!$A$2:$A$999,Veda!$E$5,ar6_r10!$C$2:$C$999,Veda!J$17,ar6_r10!$M$2:$M$999,Veda!$G15) -> 1.05 | K15: =SUMIFS(ar6_r10!$F$2:$F$999,ar6_r10!$A$2:$A$999,Veda!$E$5,ar6_r10!$C$2:$C$999,Veda!K$17,ar6_r10!$M$2:$M$999,Veda!$G15) -> 1.17 | L15: =SUMIFS(ar6_r10!$F$2:$F$999,ar6_r10!$A$2:$A$999,Veda!$E$5,ar6_r10!$C$2:$C$999,Veda!L$17,ar6_r10!$M$2:$M$999,Veda!$G15) -> 1.32 | M15: =SUMIFS(ar6_r10!$F$2:$F$999,ar6_r10!$A$2:$A$999,Veda!$E$5,ar6_r10!$C$2:$C$999,Veda!M$17,ar6_r10!$M$2:$M$999,Veda!$G15) -> 1.5 | N15: =SUMIFS(ar6_r10!$F$2:$F$999,ar6_r10!$A$2:$A$999,Veda!$E$5,ar6_r10!$C$2:$C$999,Veda!N$17,ar6_r10!$M$2:$M$999,Veda!$G15) -> 1.68 | O15: =SUMIFS(ar6_r10!$F$2:$F$999,ar6_r10!$A$2:$A$999,Veda!$E$5,ar6_r10!$C$2:$C$999,Veda!O$17,ar6_r10!$M$2:$M$999,Veda!$G15) -> 1.81 | AG15: 7 | AH15: ts_144 | AI15: =AH15 -> ts_144 | AJ15: =AJ10+1 -> 2
S16: ~TFM_INS-TS | AG16: 8 | AH16: ts_288 | AI16: =AH16 -> ts_288 | AJ16: =AJ11+1 -> 2
I17: 2020 | J17: =U17 -> 2025 | K17: =V17 -> 2030 | L17: =W17 -> 2035 | M17: =X17 -> 2040 | N17: =Y17 -> 2045 | O17: =Z17 -> 2050 | S17: commodity | T17: 2022 | U17: 2025 | V17: 2030 | W17: 2035 | X17: 2040 | Y17: 2045 | Z17: 2050 | AA17: attribute | AG17: 9 | AH17: s1v1_d | AI17: f2d96 | AJ17: =AJ12+1 -> 2
G18: Hydrogen as a share of electricity | I18: =SUMIFS(ar6_r10!$F$2:$F$999,ar6_r10!$A$2:$A$999,Veda!$E$5,ar6_r10!$C$2:$C$999,Veda!I$17,ar6_r10!$M$2:$M$999,Veda!$G18) -> 0 | J18: =SUMIFS(ar6_r10!$F$2:$F$999,ar6_r10!$A$2:$A$999,Veda!$E$5,ar6_r10!$C$2:$C$999,Veda!J$17,ar6_r10!$M$2:$M$999,Veda!$G18) -> 0 | K18: =SUMIFS(ar6_r10!$F$2:$F$999,ar6_r10!$A$2:$A$999,Veda!$E$5,ar6_r10!$C$2:$C$999,Veda!K$17,ar6_r10!$M$2:$M$999,Veda!$G18) -> 0.01 | L18: =SUMIFS(ar6_r10!$F$2:$F$999,ar6_r10!$A$2:$A$999,Veda!$E$5,ar6_r10!$C$2:$C$999,Veda!L$17,ar6_r10!$M$2:$M$999,Veda!$G18) -> 0.01 | M18: =SUMIFS(ar6_r10!$F$2:$F$999,ar6_r10!$A$2:$A$999,Veda!$E$5,ar6_r10!$C$2:$C$999,Veda!M$17,ar6_r10!$M$2:$M$999,Veda!$G18) -> 0.01 | N18: =SUMIFS(ar6_r10!$F$2:$F$999,ar6_r10!$A$2:$A$999,Veda!$E$5,ar6_r10!$C$2:$C$999,Veda!N$17,ar6_r10!$M$2:$M$999,Veda!$G18) -> 0.02 | O18: =SUMIFS(ar6_r10!$F$2:$F$999,ar6_r10!$A$2:$A$999,Veda!$E$5,ar6_r10!$C$2:$C$999,Veda!O$17,ar6_r10!$M$2:$M$999,Veda!$G18) -> 0.03 | S18: hydrogen_allsect | T18: =I18*T$14 -> 0 | U18: =J18*U$14 -> 0 | V18: =K18*V$14 -> 2.071251 | W18: =L18*W$14 -> 2.336796 | X18: =M18*X$14 -> 2.65545 | Y18: =N18*Y$14 -> 5.948208 | Z18: =O18*Z$14 -> 9.612729 | AA18: demand | AG18: 10 | AH18: ts_096 | AI18: e96 | AJ18: =AJ13+1 -> 2
G19: Industry electricity share | I19: =SUMIFS(ar6_r10!$F$2:$F$999,ar6_r10!$A$2:$A$999,Veda!$E$5,ar6_r10!$C$2:$C$999,Veda!I$17,ar6_r10!$M$2:$M$999,Veda!$G19) -> 0.36 | J19: =SUMIFS(ar6_r10!$F$2:$F$999,ar6_r10!$A$2:$A$999,Veda!$E$5,ar6_r10!$C$2:$C$999,Veda!J$17,ar6_r10!$M$2:$M$999,Veda!$G19) -> 0.32 | K19: =SUMIFS(ar6_r10!$F$2:$F$999,ar6_r10!$A$2:$A$999,Veda!$E$5,ar6_r10!$C$2:$C$999,Veda!K$17,ar6_r10!$M$2:$M$999,Veda!$G19) -> 0.31 | L19: =SUMIFS(ar6_r10!$F$2:$F$999,ar6_r10!$A$2:$A$999,Veda!$E$5,ar6_r10!$C$2:$C$999,Veda!L$17,ar6_r10!$M$2:$M$999,Veda!$G19) -> 0.29 | M19: =SUMIFS(ar6_r10!$F$2:$F$999,ar6_r10!$A$2:$A$999,Veda!$E$5,ar6_r10!$C$2:$C$999,Veda!M$17,ar6_r10!$M$2:$M$999,Veda!$G19) -> 0.29 | N19: =SUMIFS(ar6_r10!$F$2:$F$999,ar6_r10!$A$2:$A$999,Veda!$E$5,ar6_r10!$C$2:$C$999,Veda!N$17,ar6_r10!$M$2:$M$999,Veda!$G19) -> 0.29 | O19: =SUMIFS(ar6_r10!$F$2:$F$999,ar6_r10!$A$2:$A$999,Veda!$E$5,ar6_r10!$C$2:$C$999,Veda!O$17,ar6_r10!$M$2:$M$999,Veda!$G19) -> 0.3 | S19: elc_industry | T19: =I19*T$14 -> 63.7308 | U19: =J19*U$14 -> 59.48208 | V19: =K19*V$14 -> 64.208781 | W19: =L19*W$14 -> 67.767084 | X19: =M19*X$14 -> 77.00805 | Y19: =N19*Y$14 -> 86.249016 | Z19: =O19*Z$14 -> 96.12729 | AA19: demand | AG19: 11 | AH19: s1p1v1_d | AI19: d9d | AJ19: =AJ14+1 -> 3
G20: Residential and commercial electricity share | I20: =SUMIFS(ar6_r10!$F$2:$F$999,ar6_r10!$A$2:$A$999,Veda!$E$5,ar6_r10!$C$2:$C$999,Veda!I$17,ar6_r10!$M$2:$M$999,Veda!$G20) -> 0.6 | J20: =SUMIFS(ar6_r10!$F$2:$F$999,ar6_r10!$A$2:$A$999,Veda!$E$5,ar6_r10!$C$2:$C$999,Veda!J$17,ar6_r10!$M$2:$M$999,Veda!$G20) -> 0.6 | K20: =SUMIFS(ar6_r10!$F$2:$F$999,ar6_r10!$A$2:$A$999,Veda!$E$5,ar6_r10!$C$2:$C$999,Veda!K$17,ar6_r10!$M$2:$M$999,Veda!$G20) -> 0.6 | L20: =SUMIFS(ar6_r10!$F$2:$F$999,ar6_r10!$A$2:$A$999,Veda!$E$5,ar6_r10!$C$2:$C$999,Veda!L$17,ar6_r10!$M$2:$M$999,Veda!$G20) -> 0.57 | M20: =SUMIFS(ar6_r10!$F$2:$F$999,ar6_r10!$A$2:$A$999,Veda!$E$5,ar6_r10!$C$2:$C$999,Veda!M$17,ar6_r10!$M$2:$M$999,Veda!$G20) -> 0.54 | N20: =SUMIFS(ar6_r10!$F$2:$F$999,ar6_r10!$A$2:$A$999,Veda!$E$5,ar6_r10!$C$2:$C$999,Veda!N$17,ar6_r10!$M$2:$M$999,Veda!$G20) -> 0.52 | O20: =SUMIFS(ar6_r10!$F$2:$F$999,ar6_r10!$A$2:$A$999,Veda!$E$5,ar6_r10!$C$2:$C$999,Veda!O$17,ar6_r10!$M$2:$M$999,Veda!$G20) -> 0.53 | S20: elc_buildings | T20: =I20*T$14 -> 106.218 | U20: =J20*U$14 -> 111.5289 | V20: =K20*V$14 -> 124.27506 | W20: =L20*W$14 -> 133.19737 | X20: =M20*X$14 -> 143.3943 | Y20: =N20*Y$14 -> 154.65341 | Z20: =O20*Z$14 -> 169.82488 | AA20: demand | AG20: 12 | AH20: s5p5v5_d | AI20: c15d | AJ20: =AJ15+1 -> 3
G21: Transportation electricity share | I21: =SUMIFS(ar6_r10!$F$2:$F$999,ar6_r10!$A$2:$A$999,Veda!$E$5,ar6_r10!$C$2:$C$999,Veda!I$17,ar6_r10!$M$2:$M$999,Veda!$G21) -> 0.03 | J21: =SUMIFS(ar6_r10!$F$2:$F$999,ar6_r10!$A$2:$A$999,Veda!$E$5,ar6_r10!$C$2:$C$999,Veda!J$17,ar6_r10!$M$2:$M$999,Veda!$G21) -> 0.06 | K21: =SUMIFS(ar6_r10!$F$2:$F$999,ar6_r10!$A$2:$A$999,Veda!$E$5,ar6_r10!$C$2:$C$999,Veda!K$17,ar6_r10!$M$2:$M$999,Veda!$G21) -> 0.08 | L21: =SUMIFS(ar6_r10!$F$2:$F$999,ar6_r10!$A$2:$A$999,Veda!$E$5,ar6_r10!$C$2:$C$999,Veda!L$17,ar6_r10!$M$2:$M$999,Veda!$G21) -> 0.11 | M21: =SUMIFS(ar6_r10!$F$2:$F$999,ar6_r10!$A$2:$A$999,Veda!$E$5,ar6_r10!$C$2:$C$999,Veda!M$17,ar6_r10!$M$2:$M$999,Veda!$G21) -> 0.12 | N21: =SUMIFS(ar6_r10!$F$2:$F$999,ar6_r10!$A$2:$A$999,Veda!$E$5,ar6_r10!$C$2:$C$999,Veda!N$17,ar6_r10!$M$2:$M$999,Veda!$G21) -> 0.18 | O21: =SUMIFS(ar6_r10!$F$2:$F$999,ar6_r10!$A$2:$A$999,Veda!$E$5,ar6_r10!$C$2:$C$999,Veda!O$17,ar6_r10!$M$2:$M$999,Veda!$G21) -> 0.19 | S21: elc_transport | T21: =I21*T$14 -> 5.3109 | U21: =T21 -> 5.3109 | V21: =U21 -> 5.3109 | W21: =V21 -> 5.3109 | X21: =W21 -> 5.3109 | Y21: =X21 -> 5.3109 | Z21: =Y21 -> 5.3109 | AA21: demand | AC21: non-road transport demand assumed to be constant | AJ21: =AJ16+1 -> 3
S22: elc_roadtransport | T22: =T14-SUM(T19:T21) -> 1.7703 | U22: =U14-SUM(U19:U21) -> 9.55962 | V22: =V14-SUM(V19:V21) -> 13.330359 | W22: =W14-SUM(W19:W21) -> 27.404244 | X22: =X14-SUM(X19:X21) -> 39.83175 | Y22: =Y14-SUM(Y19:Y21) -> 51.197076 | Z22: =Z14-SUM(Z19:Z21) -> 49.161231 | AA22: demand | AJ22: =AJ17+1 -> 3
S23: * | AJ23: =AJ18+1 -> 3
G24: CO2 price | I24: 0 | J24: 0 | K24: =SUMIFS(ar6_r10!$F$2:$F$999,ar6_r10!$A$2:$A$999,Veda!$E$5,ar6_r10!$C$2:$C$999,Veda!K$17,ar6_r10!$M$2:$M$999,Veda!$G24) -> 71.48 | L24: =SUMIFS(ar6_r10!$F$2:$F$999,ar6_r10!$A$2:$A$999,Veda!$E$5,ar6_r10!$C$2:$C$999,Veda!L$17,ar6_r10!$M$2:$M$999,Veda!$G24) -> 104.42 | M24: =SUMIFS(ar6_r10!$F$2:$F$999,ar6_r10!$A$2:$A$999,Veda!$E$5,ar6_r10!$C$2:$C$999,Veda!M$17,ar6_r10!$M$2:$M$999,Veda!$G24) -> 134.85 | N24: =SUMIFS(ar6_r10!$F$2:$F$999,ar6_r10!$A$2:$A$999,Veda!$E$5,ar6_r10!$C$2:$C$999,Veda!N$17,ar6_r10!$M$2:$M$999,Veda!$G24) -> 178.1 | O24: =SUMIFS(ar6_r10!$F$2:$F$999,ar6_r10!$A$2:$A$999,Veda!$E$5,ar6_r10!$C$2:$C$999,Veda!O$17,ar6_r10!$M$2:$M$999,Veda!$G24) -> 209.45 | S24: co2net | U24: 0 | V24: =K24/1000 -> 0.07148 | W24: =L24/1000 -> 0.10442 | X24: =M24/1000 -> 0.13485 | Y24: =N24/1000 -> 0.1781 | Z24: =O24/1000 -> 0.20945 | AA24: com_taxnet | AJ24: =AJ19+1 -> 4
AJ25: =AJ20+1 -> 4
S26: ~TFM_INS-TS | AJ26: =AJ21+1 -> 4
S27: process | T27: =T17 -> 2022 | U27: =U17 -> 2025 | V27: =V17 -> 2030 | W27: =W17 -> 2035 | X27: =X17 -> 2040 | Y27: =Y17 -> 2045 | Z27: =Z17 -> 2050 | AA27: attribute | AB27: limtype | AJ27: =AJ22+1 -> 4
Q28: =SUMIFS(iea_data!G3:G9999,iea_data!$B$3:$B$9999,Veda!$S$11) -> 15.24 | S28: Trd_electricity import | T28: =Q28 -> 15.24 | AA28: ACT_BND | AB28: FX | AJ28: =AJ23+1 -> 4
Q29: =SUMIFS(iea_data!H3:H9999,iea_data!$B$3:$B$9999,Veda!$S$11) -> -16.91 | S29: Trd_electricity export | T29: =-1*Q29 -> 16.91 | AA29: ACT_BND | AB29: FX | AJ29: =AJ24+1 -> 5
AJ30: =AJ25+1 -> 5
AJ31: =AJ26+1 -> 5
AJ32: =AJ27+1 -> 5
AJ33: =AJ28+1 -> 5
AJ34: =AJ29+1 -> 6
AJ35: =AJ30+1 -> 6
G36: C7 | AJ36: =AJ31+1 -> 6
G37: Gas Price | I37: =SUMIFS(ar6_r10!$F$2:$F$999,ar6_r10!$A$2:$A$999,Veda!$G$36,ar6_r10!$C$2:$C$999,Veda!I$17,ar6_r10!$M$2:$M$999,Veda!$G37) -> 1 | J37: =SUMIFS(ar6_r10!$F$2:$F$999,ar6_r10!$A$2:$A$999,Veda!$G$36,ar6_r10!$C$2:$C$999,Veda!J$17,ar6_r10!$M$2:$M$999,Veda!$G37) -> 1.07 | K37: =SUMIFS(ar6_r10!$F$2:$F$999,ar6_r10!$A$2:$A$999,Veda!$G$36,ar6_r10!$C$2:$C$999,Veda!K$17,ar6_r10!$M$2:$M$999,Veda!$G37) -> 1.24 | L37: =SUMIFS(ar6_r10!$F$2:$F$999,ar6_r10!$A$2:$A$999,Veda!$G$36,ar6_r10!$C$2:$C$999,Veda!L$17,ar6_r10!$M$2:$M$999,Veda!$G37) -> 1.15 | M37: =SUMIFS(ar6_r10!$F$2:$F$999,ar6_r10!$A$2:$A$999,Veda!$G$36,ar6_r10!$C$2:$C$999,Veda!M$17,ar6_r10!$M$2:$M$999,Veda!$G37) -> 1.25 | N37: =SUMIFS(ar6_r10!$F$2:$F$999,ar6_r10!$A$2:$A$999,Veda!$G$36,ar6_r10!$C$2:$C$999,Veda!N$17,ar6_r10!$M$2:$M$999,Veda!$G37) -> 1.17 | O37: =SUMIFS(ar6_r10!$F$2:$F$999,ar6_r10!$A$2:$A$999,Veda!$G$36,ar6_r10!$C$2:$C$999,Veda!O$17,ar6_r10!$M$2:$M$999,Veda!$G37) -> 1.34 | AJ37: =AJ32+1 -> 6
G38: Coal Price | I38: =SUMIFS(ar6_r10!$F$2:$F$999,ar6_r10!$A$2:$A$999,Veda!$G$36,ar6_r10!$C$2:$C$999,Veda!I$17,ar6_r10!$M$2:$M$999,Veda!$G38) -> 1 | J38: =SUMIFS(ar6_r10!$F$2:$F$999,ar6_r10!$A$2:$A$999,Veda!$G$36,ar6_r10!$C$2:$C$999,Veda!J$17,ar6_r10!$M$2:$M$999,Veda!$G38) -> 1.02 | K38: =SUMIFS(ar6_r10!$F$2:$F$999,ar6_r10!$A$2:$A$999,Veda!$G$36,ar6_r10!$C$2:$C$999,Veda!K$17,ar6_r10!$M$2:$M$999,Veda!$G38) -> 1.06 | L38: =SUMIFS(ar6_r10!$F$2:$F$999,ar6_r10!$A$2:$A$999,Veda!$G$36,ar6_r10!$C$2:$C$999,Veda!L$17,ar6_r10!$M$2:$M$999,Veda!$G38) -> 1.07 | M38: =SUMIFS(ar6_r10!$F$2:$F$999,ar6_r10!$A$2:$A$999,Veda!$G$36,ar6_r10!$C$2:$C$999,Veda!M$17,ar6_r10!$M$2:$M$999,Veda!$G38) -> 1.08 | N38: =SUMIFS(ar6_r10!$F$2:$F$999,ar6_r10!$A$2:$A$999,Veda!$G$36,ar6_r10!$C$2:$C$999,Veda!N$17,ar6_r10!$M$2:$M$999,Veda!$G38) -> 1.1 | O38: =SUMIFS(ar6_r10!$F$2:$F$999,ar6_r10!$A$2:$A$999,Veda!$G$36,ar6_r10!$C$2:$C$999,Veda!O$17,ar6_r10!$M$2:$M$999,Veda!$G38) -> 1.12 | AJ38: =AJ33+1 -> 6
G39: Oil Price | I39: =SUMIFS(ar6_r10!$F$2:$F$999,ar6_r10!$A$2:$A$999,Veda!$G$36,ar6_r10!$C$2:$C$999,Veda!I$17,ar6_r10!$M$2:$M$999,Veda!$G39) -> 1 | J39: =SUMIFS(ar6_r10!$F$2:$F$999,ar6_r10!$A$2:$A$999,Veda!$G$36,ar6_r10!$C$2:$C$999,Veda!J$17,ar6_r10!$M$2:$M$999,Veda!$G39) -> 1.01 | K39: =SUMIFS(ar6_r10!$F$2:$F$999,ar6_r10!$A$2:$A$999,Veda!$G$36,ar6_r10!$C$2:$C$999,Veda!K$17,ar6_r10!$M$2:$M$999,Veda!$G39) -> 1.11 | L39: =SUMIFS(ar6_r10!$F$2:$F$999,ar6_r10!$A$2:$A$999,Veda!$G$36,ar6_r10!$C$2:$C$999,Veda!L$17,ar6_r10!$M$2:$M$999,Veda!$G39) -> 1.01 | M39: =SUMIFS(ar6_r10!$F$2:$F$999,ar6_r10!$A$2:$A$999,Veda!$G$36,ar6_r10!$C$2:$C$999,Veda!M$17,ar6_r10!$M$2:$M$999,Veda!$G39) -> 1.01 | N39: =SUMIFS(ar6_r10!$F$2:$F$999,ar6_r10!$A$2:$A$999,Veda!$G$36,ar6_r10!$C$2:$C$999,Veda!N$17,ar6_r10!$M$2:$M$999,Veda!$G39) -> 1.04 | O39: =SUMIFS(ar6_r10!$F$2:$F$999,ar6_r10!$A$2:$A$999,Veda!$G$36,ar6_r10!$C$2:$C$999,Veda!O$17,ar6_r10!$M$2:$M$999,Veda!$G39) -> 1.14 | AJ39: =AJ34+1 -> 7
G40: Biomass Price | I40: =SUMIFS(ar6_r10!$F$2:$F$999,ar6_r10!$A$2:$A$999,Veda!$G$36,ar6_r10!$C$2:$C$999,Veda!I$17,ar6_r10!$M$2:$M$999,Veda!$G40) -> 1 | J40: =SUMIFS(ar6_r10!$F$2:$F$999,ar6_r10!$A$2:$A$999,Veda!$G$36,ar6_r10!$C$2:$C$999,Veda!J$17,ar6_r10!$M$2:$M$999,Veda!$G40) -> 0.96 | K40: =SUMIFS(ar6_r10!$F$2:$F$999,ar6_r10!$A$2:$A$999,Veda!$G$36,ar6_r10!$C$2:$C$999,Veda!K$17,ar6_r10!$M$2:$M$999,Veda!$G40) -> 1.04 | L40: =SUMIFS(ar6_r10!$F$2:$F$999,ar6_r10!$A$2:$A$999,Veda!$G$36,ar6_r10!$C$2:$C$999,Veda!L$17,ar6_r10!$M$2:$M$999,Veda!$G40) -> 1.04 | M40: =SUMIFS(ar6_r10!$F$2:$F$999,ar6_r10!$A$2:$A$999,Veda!$G$36,ar6_r10!$C$2:$C$999,Veda!M$17,ar6_r10!$M$2:$M$999,Veda!$G40) -> 0.98 | N40: =SUMIFS(ar6_r10!$F$2:$F$999,ar6_r10!$A$2:$A$999,Veda!$G$36,ar6_r10!$C$2:$C$999,Veda!N$17,ar6_r10!$M$2:$M$999,Veda!$G40) -> 0.99 | O40: =SUMIFS(ar6_r10!$F$2:$F$999,ar6_r10!$A$2:$A$999,Veda!$G$36,ar6_r10!$C$2:$C$999,Veda!O$17,ar6_r10!$M$2:$M$999,Veda!$G40) -> 1 | AJ40: =AJ35+1 -> 7
AJ41: =AJ36+1 -> 7
AJ42: =AJ37+1 -> 7
G43: ~TFM_INS-TS: attribute=flo_cost;pset_pn=-IMP*Z | AJ43: =AJ38+1 -> 7
G44: commodity | H44: pset_co | I44: 2022 | J44: =J17 -> 2025 | K44: =K17 -> 2030 | L44: =L17 -> 2035 | M44: =M17 -> 2040 | N44: =N17 -> 2045 | O44: =O17 -> 2050 | R44: low | S44: high | AJ44: =AJ39+1 -> 8
G45: Gas | H45: =G45 -> Gas | I45: =AVERAGE($R45:$S45)*I37 -> 33.4 | J45: =AVERAGE($R45:$S45)*J37 -> 35.738 | K45: =AVERAGE($R45:$S45)*K37 -> 41.416 | L45: =AVERAGE($R45:$S45)*L37 -> 38.41 | M45: =AVERAGE($R45:$S45)*M37 -> 41.75 | N45: =AVERAGE($R45:$S45)*N37 -> 39.078 | O45: =AVERAGE($R45:$S45)*O37 -> 44.756 | R45: =HLOOKUP($G45&"_"&R$44,fuel_prices!$B$10:$I$11,2,FALSE) -> 27.4 | S45: =HLOOKUP($G45&"_"&S$44,fuel_prices!$B$10:$I$11,2,FALSE) -> 39.4 | AJ45: =AJ40+1 -> 8
G46: Coal | H46: =G46 -> Coal | I46: =AVERAGE($R46:$S46)*I38 -> 12.2 | J46: =AVERAGE($R46:$S46)*J38 -> 12.444 | K46: =AVERAGE($R46:$S46)*K38 -> 12.932 | L46: =AVERAGE($R46:$S46)*L38 -> 13.054 | M46: =AVERAGE($R46:$S46)*M38 -> 13.176 | N46: =AVERAGE($R46:$S46)*N38 -> 13.42 | O46: =AVERAGE($R46:$S46)*O38 -> 13.664 | R46: =HLOOKUP($G46&"_"&R$44,fuel_prices!$B$10:$I$11,2,FALSE) -> 10.7 | S46: =HLOOKUP($G46&"_"&S$44,fuel_prices!$B$10:$I$11,2,FALSE) -> 13.7 | AJ46: =AJ41+1 -> 8
G47: Oil | H47: =G47 -> Oil | I47: =AVERAGE($R47:$S47)*I39 -> 53 | J47: =AVERAGE($R47:$S47)*J39 -> 53.53 | K47: =AVERAGE($R47:$S47)*K39 -> 58.83 | L47: =AVERAGE($R47:$S47)*L39 -> 53.53 | M47: =AVERAGE($R47:$S47)*M39 -> 53.53 | N47: =AVERAGE($R47:$S47)*N39 -> 55.12 | O47: =AVERAGE($R47:$S47)*O39 -> 60.42 | R47: =HLOOKUP($G47&"_"&R$44,fuel_prices!$B$10:$I$11,2,FALSE) -> 48 | S47: =HLOOKUP($G47&"_"&S$44,fuel_prices!$B$10:$I$11,2,FALSE) -> 58 | AJ47: =AJ42+1 -> 8
G48: Bioenergy | H48: =G48 -> Bioenergy | I48: =AVERAGE($R48:$S48)*I40 -> 26 | O48: =VLOOKUP($E$5,$AK$9:$AM$15,3,FALSE)*I48 -> 78 | R48: =HLOOKUP($G48&"_"&R$44,fuel_prices!$B$10:$I$11,2,FALSE) -> 22 | S48: =HLOOKUP($G48&"_"&S$44,fuel_prices!$B$10:$I$11,2,FALSE) -> 30 | AJ48: =AJ43+1 -> 8
AJ49: =AJ44+1 -> 9
AJ50: =AJ45+1 -> 9
AJ51: =AJ46+1 -> 9
AJ52: =AJ47+1 -> 9
AJ53: =AJ48+1 -> 9
AJ54: =AJ49+1 -> 10
AJ55: =AJ50+1 -> 10
AJ56: =AJ51+1 -> 10
AJ57: =AJ52+1 -> 10
AJ58: =AJ53+1 -> 10
AJ59: =AJ54+1 -> 11
AJ60: =AJ55+1 -> 11
... AJ78: =AJ73+1 -> 14
A82: ~tfm_ins-ts
A83: process | B83: limtype | C83: 2024 | D83: 2030 | E83: 2040 | F83: attribute
A84: Trd_electricity export | B84: lo | C84: 1.455 | D84: 1.881 | E84: 1.881 | F84: cap_bnd
A85: Trd_electricity import | B85: lo | C85: 1.8 | D85: 3.3 | E85: 3.3 | F85: cap_bnd

Sheet fuel_prices
A9: Fuel Prices
A10: iso | B10: gas_low | C10: gas_high | D10: coal_low | E10: coal_high | F10: oil_low | G10: oil_high | H10: bioenergy_low | I10: bioenergy_high | J10: Notes
A11: POL | B11: 27.4 | C11: 39.4 | D11: 10.7 | E11: 13.7 | F11: 48 | G11: 58 | H11: 22 | I11: 30 | J11: Pipeline gas, coal & forest resources

Sheet iea_data
A9: IEA Baseline Data
A10: iso | B10: year | C10: industry_twh | D10: buildings_agri_twh | E10: nonroad_transport_twh | F10: road_transport_twh | G10: imports_twh | H10: exports_twh | I10: total_production_twh
A11: POL | B11: 2000 | C11: 75.85 | D11: 53.54 | E11: 4.31 | F11: 0.02 | G11: 3.29 | H11: -9.66 | I11: 143.17
A12: POL | B12: 2001 | C12: 74.36 | D12: 55.12 | E12: 4.27 | F12: 0.02 | G12: 4.31 | H12: -11.04 | I12: 143.72
A13: POL | B13: 2002 | C13: 73.3 | D13: 54.71 | E13: 4.29 | F13: 0.02 | G13: 4.47 | H13: -11.54 | I13: 142.5
A14: POL | B14: 2003 | C14: 75.86 | D14: 56.23 | E14: 4.37 | F14: 0.02 | G14: 4.99 | H14: -15.15 | I14: 150.01
A15: POL | B15: 2004 | C15: 78.18 | D15: 57.95 | E15: 3.88 | F15: 0.02 | G15: 5.31 | H15: -14.6 | I15: 152.55
A16: POL | B16: 2005 | C16: 77.15 | D16: 60.1 | E16: 3.55 | F16: 0.02 | G16: 5 | H16: -16.19 | I16: 155.36
A17: POL | B17: 2006 | C17: 78.91 | D17: 64.7 | E17: 3.1 | F17: 0.02 | G17: 4.79 | H17: -15.78 | I17: 160.76
A18: POL | B18: 2007 | C18: 82.1 | D18: 65.06 | E18: 3.25 | F18: 0.02 | G18: 7.76 | H18: -13.11 | I18: 158.76
A19: POL | B19: 2008 | C19: 78.39 | D19: 69.83 | E19: 3.17 | F19: 0.02 | G19: 9.03 | H19: -9.7 | I19: 154.71
A20: POL | B20: 2009 | C20: 73.96 | D20: 69.69 | E20: 2.86 | F20: 0.02 | G20: 7.4 | H20: -9.59 | I20: 151.12
A21: POL | B21: 2010 | C21: 76.11 | D21: 73.9 | E21: 2.96 | F21: 0.02 | G21: 6.31 | H21: -7.66 | I21: 157.09
A22: POL | B22: 2011 | C22: 78.38 | D22: 74.04 | E22: 2.96 | F22: 0.02 | G22: 6.78 | H22: -12.02 | I22: 163.12
... A33: POL | B33: 2022 | C33: 83.2 | D33: 84.78 | E33: 3.32 | F33: 0.17 | G33: 15.24 | H33: -16.91 | I33: 178.7

Sheet ar6_r10
A9: AR6 Scenario Drivers
A10: Category | B10: Region | C10: Year | D10: count | E10: mean | F10: median | G10: std | H10: min | I10: max | J10: q25 | K10: q75 | L10: category_description | M10: attribute
A11: C1 | B11: R10EUROPE | C11: 2020 | D11: 60 | E11: 8.68 | F11: 6.87 | G11: 10.43 | H11: 0 | I11: 55.17 | J11: 0 | K11: 13.64 | L11: Limit warming to 1.5°C (>50%) with no or limited overshoot | M11: CO2 price
A12: C1 | B12: R10EUROPE | C12: 2025 | D12: 60 | E12: 190.52 | F12: 181.51 | G12: 136.23 | H12: 1.81 | I12: 626.48 | J12: 115.48 | K12: 238.58 | L12: Limit warming to 1.5°C (>50%) with no or limited overshoot | M12: CO2 price
A13: C1 | B13: R10EUROPE | C13: 2030 | D13: 60 | E13: 268.18 | F13: 241.69 | G13: 134.29 | H13: 1.27 | I13: 673.46 | J13: 182.47 | K13: 329.7 | L13: Limit warming to 1.5°C (>50%) with no or limited overshoot | M13: CO2 price
A14: C1 | B14: R10EUROPE | C14: 2035 | D14: 60 | E14: 363.27 | F14: 339.03 | G14: 173.79 | H14: 14.37 | I14: 859.53 | J14: 227.05 | K14: 483.38 | L14: Limit warming to 1.5°C (>50%) with no or limited overshoot | M14: CO2 price
A15: C1 | B15: R10EUROPE | C15: 2040 | D15: 60 | E15: 471.65 | F15: 410.28 | G15: 224.31 | H15: 162.1 | I15: 1097.01 | J15: 298.63 | K15: 622.14 | L15: Limit warming to 1.5°C (>50%) with no or limited overshoot | M15: CO2 price
A16: C1 | B16: R10EUROPE | C16: 2045 | D16: 60 | E16: 565.69 | F16: 494.2 | G16: 256.15 | H16: 193.42 | I16: 1269.88 | J16: 352.78 | K16: 748.01 | L16: Limit warming to 1.5°C (>50%) with no or limited overshoot | M16: CO2 price
A17: C1 | B17: R10EUROPE | C17: 2050 | D17: 60 | E17: 647.44 | F17: 635.43 | G17: 273.56 | H17: 209.76 | I17: 1170.26 | J17: 409.79 | K17: 887.68 | L17: Limit warming to 1.5°C (>50%) with no or limited overshoot | M17: CO2 price
A18: C2 | B18: R10EUROPE | C18: 2020 | D18: 86 | E18: 6.44 | F18: 0 | G18: 8.34 | H18: 0 | I18: 24.5 | J18: 0 | K18: 12.68 | L18: Limit warming to 1.5°C (>67%) with high overshoot | M18: CO2 price
A19: C2 | B19: R10EUROPE | C19: 2025 | D19: 75 | E19: 63.21 | F19: 44.89 | G19: 56.62 | H19: 3.21 | I19: 273 | J19: 27.09 | K19: 77.31 | L19: Limit warming to 1.5°C (>67%) with high overshoot | M19: CO2 price
A20: C2 | B20: R10EUROPE | C20: 2030 | D20: 86 | E20: 85.48 | F20: 63.36 | G20: 73.46 | H20: 0 | I20: 409.5 | J20: 50 | K20: 111.1 | L20: Limit warming to 1.5°C (>67%) with high overshoot | M20: CO2 price
A21: C2 | B21: R10EUROPE | C21: 2035 | D21: 75 | E21: 208.71 | F21: 154.82 | G21: 291.78 | H21: 60.83 | I21: 2037.12 | J21: 93.79 | K21: 206.26 | L21: Limit warming to 1.5°C (>67%) with high overshoot | M21: CO2 price
A22: C2 | B22: R10EUROPE | C22: 2040 | D22: 86 | E22: 253.33 | F22: 172.09 | G22: 359.35 | H22: 0 | I22: 2600 | J22: 119.07 | K22: 259.4 | L22: Limit warming to 1.5°C (>67%) with high overshoot | M22: CO2 price
... A221: C1 | B221: R10EUROPE | C221: 2020 | D221: 33 | E221: 1 | F221: 1 | G221: 0 | H221: 1 | I221: 1 | J221: 1 | K221: 1 | L221: Limit warming to 1.5°C (>50%) with no or limited overshoot | M221: Gas price
A222: C1 | B222: R10EUROPE | C222: 2025 | D222: 34 | E222: 65535 | F222: 2.42 | H222: 1.18 | I222: 65535 | J222: 2.01 | K222: 2.75 | L222: Limit warming to 1.5°C (>50%) with no or limited overshoot | M222: Gas price
A223: C1 | B223: R10EUROPE | C223: 2030 | D223: 34 | E223: 65535 | F223: 3.1 | H223: 1.71 | I223: 65535 | J223: 2.38 | K223: 3.46 | L223: Limit warming to 1.5°C (>50%) with no or limited overshoot | M223: Gas price
A224: C1 | B224: R10EUROPE | C224: 2035 | D224: 34 | E224: 65535 | F224: 3.54 | H224: 1.91 | I224: 65535 | J224: 2.66 | K224: 4.16 | L224: Limit warming to 1.5°C (>50%) with no or limited overshoot | M224: Gas price
A225: C1 | B225: R10EUROPE | C225: 2040 | D225: 34 | E225: 65535 | F225: 4.1 | H225: 2.27 | I225: 65535 | J225: 2.96 | K225: 4.52 | L225: Limit warming to 1.5°C (>50%) with no or limited overshoot | M225: Gas price
A226: C1 | B226: R10EUROPE | C226: 2045 | D226: 34 | E226: 65535 | F226: 3.86 | H226: 2.54 | I226: 65535 | J226: 3.3 | K226: 4.89 | L226: Limit warming to 1.5°C (>50%) with no or limited overshoot | M226: Gas price
A227: C1 | B227: R10EUROPE | C227: 2050 | D227: 34 | E227: 65535 | F227: 3.59 | H227: 2.73 | I227: 65535 | J227: 3.07 | K227: 4.06 | L227: Limit warming to 1.5°C (>50%) with no or limited overshoot | M227: Gas price
A228: C2 | B228: R10EUROPE | C228: 2020 | D228: 43 | E228: 1 | F228: 1 | G228: 0 | H228: 1 | I228: 1 | J228: 1 | K228: 1 | L228: Limit warming to 1.5°C (>67%) with high overshoot | M228: Gas price
A229: C2 | B229: R10EUROPE | C229: 2025 | D229: 44 | E229: 65535 | F229: 1.22 | H229: 0 | I229: 65535 | J229: 1.13 | K229: 1.35 | L229: Limit warming to 1.5°C (>67%) with high overshoot | M229: Gas price
A230: C2 | B230: R10EUROPE | C230: 2030 | D230: 44 | E230: 65535 | F230: 1.5 | H230: 0 | I230: 65535 | J230: 1.31 | K230: 1.83 | L230: Limit warming to 1.5°C (>67%) with high overshoot | M230: Gas price
A231: C2 | B231: R10EUROPE | C231: 2035 | D231: 44 | E231: 65535 | F231: 2.12 | H231: 0 | I231: 65535 | J231: 1.68 | K231: 2.46 | L231: Limit warming to 1.5°C (>67%) with high overshoot | M231: Gas price
A232: C2 | B232: R10EUROPE | C232: 2040 | D232: 44 | E232: 65535 | F232: 2.5 | H232: 0 | I232: 65535 | J232: 2 | K232: 2.94 | L232: Limit warming to 1.5°C (>67%) with high overshoot | M232: Gas price
A233: C2 | B233: R10EUROPE | C233: 2045 | D233: 44 | E233: 65535 | F233: 2.79 | H233: 0 | I233: 65535 | J233: 2.08 | K233: 3.44 | L233: Limit warming to 1.5°C (>67%) with high overshoot | M233: Gas price
A234: C2 | B234: R10EUROPE | C234: 2050 | D234: 44 | E234: 65535 | F234: 2.95 | H234: 0 | I234: 65535 | J234: 2.49 | K234: 3.78 | L234: Limit warming to 1.5°C (>67%) with high overshoot | M234: Gas price
A235: C3 | B235: R10EUROPE | C235: 2020 | D235: 103 | E235: 1 | F235: 1 | G235: 0 | H235: 1 | I235: 1 | J235: 1 | K235: 1 | L235: Limit warming to 2°C (>67%) with higher action post-2030 | M235: Gas price
A236: C3 | B236: R10EUROPE | C236: 2025 | D236: 112 | E236: 65535 | F236: 1.41 | H236: 0.98 | I236: 65535 | J236: 1.23 | K236: 1.96 | L236: Limit warming to 2°C (>67%) with higher action post-2030 | M236: Gas price
A237: C3 | B237: R10EUROPE | C237: 2030 | D237: 112 | E237: 65535 | F237: 2.04 | H237: 1.05 | I237: 65535 | J237: 1.52 | K237: 2.55 | L237: Limit warming to 2°C (>67%) with higher action post-2030 | M237: Gas price
A238: C3 | B238: R10EUROPE | C238: 2035 | D238: 112 | E238: 65535 | F238: 2.4 | H238: 1.05 | I238: 65535 | J238: 1.71 | K238: 3.14 | L238: Limit warming to 2°C (>67%) with higher action post-2030 | M238: Gas price
A239: C3 | B239: R10EUROPE | C239: 2040 | D239: 112 | E239: 65535 | F239: 2.6 | H239: 1.06 | I239: 65535 | J239: 1.85 | K239: 3.74 | L239: Limit warming to 2°C (>67%) with higher action post-2030 | M239: Gas price
A240: C3 | B240: R10EUROPE | C240: 2045 | D240: 112 | E240: 65535 | F240: 2.85 | H240: 1.08 | I240: 65535 | J240: 2 | K240: 4.28 | L240: Limit warming to 2°C (>67%) with higher action post-2030 | M240: Gas price
A241: C3 | B241: R10EUROPE | C241: 2050 | D241: 112 | E241: 65535 | F241: 2.97 | H241: 0 | I241: 65535 | J241: 2.15 | K241: 4.51 | L241: Limit warming to 2°C (>67%) with higher action post-2030 | M241: Gas price
A242: C4 | B242: R10EUROPE | C242: 2020 | D242: 27 | E242: 1 | F242: 1 | G242: 0 | H242: 1 | I242: 1 | J242: 1 | K242: 1 | L242: Limit warming to 2°C (>50%) with immediate action | M242: Gas price
A243: C4 | B243: R10EUROPE | C243: 2025 | D243: 27 | E243: 1.33 | F243: 1.31 | G243: 0.18 | H243: 1.06 | I243: 1.66 | J243: 1.22 | K243: 1.45 | L243: Limit warming to 2°C (>50%) with immediate action | M243: Gas price
A244: C4 | B244: R10EUROPE | C244: 2030 | D244: 27 | E244: 1.84 | F244: 2.02 | G244: 0.28 | H244: 1.24 | I244: 2.17 | J244: 1.52 | K244: 2.07 | L244: Limit warming to 2°C (>50%) with immediate action | M244: Gas price
A245: C4 | B245: R10EUROPE | C245: 2035 | D245: 27 | E245: 1.84 | F245: 1.96 | G245: 0.41 | H245: 1.19 | I245: 2.46 | J245: 1.42 | K245: 2.11 | L245: Limit warming to 2°C (>50%) with immediate action | M245: Gas price
A246: C4 | B246: R10EUROPE | C246: 2040 | D246: 27 | E246: 2.12 | F246: 2.22 | G246: 0.47 | H246: 1.41 | I246: 2.78 | J246: 1.54 | K246: 2.43 | L246: Limit warming to 2°C (>50%) with immediate action | M246: Gas price
A247: C4 | B247: R10EUROPE | C247: 2045 | D247: 27 | E247: 2.31 | F247: 2.39 | G247: 0.62 | H247: 1.34 | I247: 3.22 | J247: 1.67 | K247: 2.74 | L247: Limit warming to 2°C (>50%) with immediate action | M247: Gas price
A248: C4 | B248: R10EUROPE | C248: 2050 | D248: 27 | E248: 2.48 | F248: 2.52 | G248: 0.71 | H248: 1.52 | I248: 3.64 | J248: 1.84 | K248: 3.04 | L248: Limit warming to 2°C (>50%) with immediate action | M248: Gas price
A249: C7 | B249: R10EUROPE | C249: 2020 | D249: 42 | E249: 1 | F249: 1 | G249: 0 | H249: 1 | I249: 1 | J249: 1 | K249: 1 | L249: Likely above 3°C warming with limited mitigation | M249: Gas price
A250: C7 | B250: R10EUROPE | C250: 2025 | D250: 42 | E250: 1.09 | F250: 1.07 | G250: 0.13 | H250: 0.91 | I250: 1.5 | J250: 1.02 | K250: 1.15 | L250: Likely above 3°C warming with limited mitigation | M250: Gas price
A251: C7 | B251: R10EUROPE | C251: 2030 | D251: 42 | E251: 1.37 | F251: 1.24 | G251: 0.32 | H251: 1.01 | I251: 2.14 | J251: 1.15 | K251: 1.53 | L251: Likely above 3°C warming with limited mitigation | M251: Gas price
A252: C7 | B252: R10EUROPE | C252: 2035 | D252: 42 | E252: 1.19 | F252: 1.15 | G252: 0.17 | H252: 1.01 | I252: 1.69 | J252: 1.07 | K252: 1.22 | L252: Likely above 3°C warming with limited mitigation | M252: Gas price
A253: C7 | B253: R10EUROPE | C253: 2040 | D253: 42 | E253: 1.27 | F253: 1.25 | G253: 0.16 | H253: 1.04 | I253: 1.78 | J253: 1.16 | K253: 1.31 | L253: Likely above 3°C warming with limited mitigation | M253: Gas price
... A256: C1 | B256: R10EUROPE | C256: 2020 | D256: 49 | E256: 1 | F256: 1 | G256: 0 | H256: 1 | I256: 1 | J256: 1 | K256: 1 | L256: Limit warming to 1.5°C (>50%) with no or limited overshoot | M256: Oil price
A257: C1 | B257: R10EUROPE | C257: 2025 | D257: 50 | E257: 65535 | F257: 1.1 | H257: -4.33 | I257: 65535 | J257: 0.81 | K257: 1.5 | L257: Limit warming to 1.5°C (>50%) with no or limited overshoot | M257: Oil price
A258: C1 | B258: R10EUROPE | C258: 2030 | D258: 50 | E258: 65535 | F258: 1.77 | H258: -6.1 | I258: 65535 | J258: 1.27 | K258: 2.54 | L258: Limit warming to 1.5°C (>50%) with no or limited overshoot | M258: Oil price
A259: C1 | B259: R10EUROPE | C259: 2035 | D259: 50 | E259: 65535 | F259: 1.87 | H259: -6.86 | I259: 65535 | J259: 1.15 | K259: 2.77 | L259: Limit warming to 1.5°C (>50%) with no or limited overshoot | M259: Oil price
A260: C1 | B260: R10EUROPE | C260: 2040 | D260: 50 | E260: 65535 | F260: 1.96 | H260: -9.21 | I260: 65535 | J260: 1.31 | K260: 3.39 | L260: Limit warming to 1.5°C (>50%) with no or limited overshoot | M260: Oil price
A261: C1 | B261: R10EUROPE | C261: 2045 | D261: 50 | E261: 65535 | F261: 2.13 | H261: -6.95 | I261: 65535 | J261: 1.6 | K261: 3.41 | L261: Limit warming to 1.5°C (>50%) with no or limited overshoot | M261: Oil price
A262: C1 | B262: R10EUROPE | C262: 2050 | D262: 50 | E262: 65535 | F262: 2 | H262: -10.07 | I262: 65535 | J262: 1.55 | K262: 4.63 | L262: Limit warming to 1.5°C (>50%) with no or limited overshoot | M262: Oil price
A263: C2 | B263: R10EUROPE | C263: 2020 | D263: 62 | E263: 1 | F263: 1 | G263: 0 | H263: 1 | I263: 1 | J263: 1 | K263: 1 | L263: Limit warming to 1.5°C (>67%) with high overshoot | M263: Oil price
A264: C2 | B264: R10EUROPE | C264: 2025 | D264: 52 | E264: 65535 | F264: 0.61 | H264: 0 | I264: 65535 | J264: 0.53 | K264: 0.89 | L264: Limit warming to 1.5°C (>67%) with high overshoot | M264: Oil price
A265: C2 | B265: R10EUROPE | C265: 2030 | D265: 63 | E265: 65535 | F265: 1.07 | H265: 0 | I265: 65535 | J265: 0.6 | K265: 1.55 | L265: Limit warming to 1.5°C (>67%) with high overshoot | M265: Oil price
A266: C2 | B266: R10EUROPE | C266: 2035 | D266: 52 | E266: 65535 | F266: 1.09 | H266: 0 | I266: 65535 | J266: 0.6 | K266: 1.76 | L266: Limit warming to 1.5°C (>67%) with high overshoot | M266: Oil price
A267: C2 | B267: R10EUROPE | C267: 2040 | D267: 63 | E267: 65535 | F267: 1.25 | H267: 0 | I267: 65535 | J267: 0.87 | K267: 1.91 | L267: Limit warming to 1.5°C (>67%) with high overshoot | M267: Oil price
A268: C2 | B268: R10EUROPE | C268: 2045 | D268: 52 | E268: 65535 | F268: 1.35 | H268: 0 | I268: 65535 | J268: 0.78 | K268: 1.89 | L268: Limit warming to 1.5°C (>67%) with high overshoot | M268: Oil price
A269: C2 | B269: R10EUROPE | C269: 2050 | D269: 63 | E269: 65535 | F269: 1.62 | H269: -2.31 | I269: 65535 | J269: 0.61 | K269: 2.16 | L269: Limit warming to 1.5°C (>67%) with high overshoot | M269: Oil price
A270: C3 | B270: R10EUROPE | C270: 2020 | D270: 157 | E270: 1 | F270: 1 | G270: 0 | H270: 1 | I270: 1 | J270: 1 | K270: 1 | L270: Limit warming to 2°C (>67%) with higher action post-2030 | M270: Oil price
A271: C3 | B271: R10EUROPE | C271: 2025 | D271: 163 | E271: 65535 | F271: 0.75 | H271: 0.46 | I271: 65535 | J271: 0.54 | K271: 1.24 | L271: Limit warming to 2°C (>67%) with higher action post-2030 | M271: Oil price
A272: C3 | B272: R10EUROPE | C272: 2030 | D272: 166 | E272: 65535 | F272: 1.15 | H272: 0.51 | I272: 65535 | J272: 0.74 | K272: 1.65 | L272: Limit warming to 2°C (>67%) with higher action post-2030 | M272: Oil price
A273: C3 | B273: R10EUROPE | C273: 2035 | D273: 163 | E273: 65535 | F273: 1.21 | H273: -0.95 | I273: 65535 | J273: 0.88 | K273: 2.11 | L273: Limit warming to 2°C (>67%) with higher action post-2030 | M273: Oil price
A274: C3 | B274: R10EUROPE | C274: 2040 | D274: 166 | E274: 65535 | F274: 1.28 | H274: -1.8 | I274: 65535 | J274: 0.89 | K274: 2.43 | L274: Limit warming to 2°C (>67%) with higher action post-2030 | M274: Oil price
A275: C3 | B275: R10EUROPE | C275: 2045 | D275: 163 | E275: 65535 | F275: 1.48 | H275: -5.93 | I275: 65535 | J275: 1.08 | K275: 2.75 | L275: Limit warming to 2°C (>67%) with higher action post-2030 | M275: Oil price
A276: C3 | B276: R10EUROPE | C276: 2050 | D276: 166 | E276: 65535 | F276: 1.59 | H276: -5.35 | I276: 65535 | J276: 0.97 | K276: 2.91 | L276: Limit warming to 2°C (>67%) with higher action post-2030 | M276: Oil price
A277: C4 | B277: R10EUROPE | C277: 2020 | D277: 52 | E277: 1 | F277: 1 | G277: 0 | H277: 1 | I277: 1 | J277: 1 | K277: 1 | L277: Limit warming to 2°C (>50%) with immediate action | M277: Oil price
A278: C4 | B278: R10EUROPE | C278: 2025 | D278: 52 | E278: 0.89 | F278: 0.6 | G278: 0.38 | H278: 0.45 | I278: 1.39 | J278: 0.53 | K278: 1.25 | L278: Limit warming to 2°C (>50%) with immediate action | M278: Oil price
A279: C4 | B279: R10EUROPE | C279: 2030 | D279: 52 | E279: 1.06 | F279: 0.63 | G279: 0.52 | H279: 0.5 | I279: 1.81 | J279: 0.59 | K279: 1.65 | L279: Limit warming to 2°C (>50%) with immediate action | M279: Oil price
A280: C4 | B280: R10EUROPE | C280: 2035 | D280: 52 | E280: 1.09 | F280: 0.69 | G280: 0.56 | H280: 0.53 | I280: 2.74 | J280: 0.62 | K280: 1.55 | L280: Limit warming to 2°C (>50%) with immediate action | M280: Oil price
A281: C4 | B281: R10EUROPE | C281: 2040 | D281: 52 | E281: 1.2 | F281: 0.79 | G281: 0.67 | H281: 0.59 | I281: 3.56 | J281: 0.63 | K281: 1.75 | L281: Limit warming to 2°C (>50%) with immediate action | M281: Oil price
A282: C4 | B282: R10EUROPE | C282: 2045 | D282: 52 | E282: 1.32 | F282: 0.84 | G282: 0.77 | H282: 0.6 | I282: 4.16 | J282: 0.7 | K282: 1.9 | L282: Limit warming to 2°C (>50%) with immediate action | M282: Oil price
A283: C4 | B283: R10EUROPE | C283: 2050 | D283: 52 | E283: 1.4 | F283: 0.94 | G283: 0.85 | H283: 0.61 | I283: 4.67 | J283: 0.71 | K283: 2.06 | L283: Limit warming to 2°C (>50%) with immediate action | M283: Oil price
A284: C7 | B284: R10EUROPE | C284: 2020 | D284: 43 | E284: 1 | F284: 1 | G284: 0 | H284: 1 | I284: 1 | J284: 1 | K284: 1 | L284: Likely above 3°C warming with limited mitigation | M284: Oil price
A285: C7 | B285: R10EUROPE | C285: 2025 | D285: 43 | E285: 0.93 | F285: 1.01 | G285: 0.45 | H285: 0.38 | I285: 2.73 | J285: 0.62 | K285: 1.09 | L285: Likely above 3°C warming with limited mitigation | M285: Oil price
A286: C7 | B286: R10EUROPE | C286: 2030 | D286: 43 | E286: 1.15 | F286: 1.11 | G286: 0.46 | H286: 0.58 | I286: 3.14 | J286: 0.99 | K286: 1.17 | L286: Likely above 3°C warming with limited mitigation | M286: Oil price
A287: C7 | B287: R10EUROPE | C287: 2035 | D287: 43 | E287: 1.07 | F287: 1.01 | G287: 0.42 | H287: 0.63 | I287: 2.83 | J287: 0.78 | K287: 1.2 | L287: Likely above 3°C warming with limited mitigation | M287: Oil price
A288: C7 | B288: R10EUROPE | C288: 2040 | D288: 43 | E288: 1.09 | F288: 1.01 | G288: 0.46 | H288: 0.67 | I288: 3.23 | J288: 0.82 | K288: 1.23 | L288: Likely above 3°C warming with limited mitigation | M288: Oil price
... A360: C7 | B360: R10EUROPE | C360: 2050 | D360: 10 | E360: 1 | F360: 1 | G360: 0.07 | H360: 0.85 | I360: 1.09 | J360: 0.97 | K360: 1.06 | L360: Likely above 3°C warming with limited mitigation | M360: Biomass price
