Workbook

Sheet Veda
G1: 1-25,36-60 | H1: 8 | I1: 13 | J1: 18 | K1: 23 | L1: 28 | M1: 33 | N1: 38
D2: ="~Inputcell: "&_xlfn.TEXTJOIN(",",TRUE,G1:EE1) -> ~Inputcell: 1-25,36-60,8,13,18,23,28,33,38
D3: 3
D5: =VLOOKUP(D3,$C$9:$E$999,2,FALSE) -> ts_annual | E5: =VLOOKUP(D3,$C$9:$E$999,3,FALSE) -> C3
B7: ~Scenmap
A8: priority | B8: scen | C8: case_no | D8: timeslice | E8: climate | AM8: bio price multiplier
A9: 5 | B9: =VLOOKUP(E9,$AK$9:$AL$15,2,FALSE)&"."&VLOOKUP(D9,$AH$9:$AI$24,2,FALSE) -> e 1.5 deg no OS.xAnn | C9: 1 | D9: =VLOOKUP(AJ9,$AG$9:$AH$22,2,FALSE) -> ts_annual | E9: C1 | G9: Limit warming to 1.5°C (>50%) with no or limited overshoot | AG9: 1 | AH9: ts_annual | AI9: xAnn | AJ9: 1 | AK9: C1 | AL9: e 1.5 deg no OS | AM9: 5
A10: 5 | B10: =VLOOKUP(E10,$AK$9:$AL$15,2,FALSE)&"."&VLOOKUP(D10,$AH$9:$AI$24,2,FALSE) -> d 1.5 deg OS.xAnn | C10: =C9+1 -> 2 | D10: =VLOOKUP(AJ10,$AG$9:$AH$22,2,FALSE) -> ts_annual | E10: C2 | G10: Limit warming to 1.5°C (>67%) with high overshoot | S10: IEA | AG10: 2 | AH10: ts_12t | AI10: x12 | AJ10: 1 | AK10: C2 | AL10: d 1.5 deg OS | AM10: 4
A11: 5 | B11: =VLOOKUP(E11,$AK$9:$AL$15,2,FALSE)&"."&VLOOKUP(D11,$AH$9:$AI$24,2,FALSE) -> c 2 deg (67%).xAnn | C11: =C10+1 -> 3 | D11: =VLOOKUP(AJ11,$AG$9:$AH$22,2,FALSE) -> ts_annual | E11: C3 | G11: Limit warming to 2°C (>67%) with higher action post-2030 | S11: 2022 | AG11: 3 | AH11: ts_012 | AI11: =AH11 -> ts_012 | AJ11: 1 | AK11: C3 | AL11: c 2 deg (67%) | AM11: 3
A12: 5 | B12: =VLOOKUP(E12,$AK$9:$AL$15,2,FALSE)&"."&VLOOKUP(D12,$AH$9:$AI$24,2,FALSE) -> b 2 deg (50%).xAnn | C12: =C11+1 -> 4 | D12: =VLOOKUP(AJ12,$AG$9:$AH$22,2,FALSE) -> ts_annual | E12: C4 | G12: Limit warming to 2°C (>50%) with immediate action | S12: =SUMIFS(iea_data!I3:I9999,iea_data!$B$3:$B$9999,Veda!$S$11)+T28-T29 -> 185.91 | T12: base-year generation (TWh) | AG12: 4 | AH12: ts_030 | AI12: =AH12 -> ts_030 | AJ12: 1 | AK12: C4 | AL12: b 2 deg (50%) | AM12: 3
A13: 5 | B13: =VLOOKUP(E13,$AK$9:$AL$15,2,FALSE)&"."&VLOOKUP(D13,$AH$9:$AI$24,2,FALSE) -> a 3 deg.xAnn | C13: =C12+1 -> 5 | D13: =VLOOKUP(AJ13,$AG$9:$AH$22,2,FALSE) -> ts_annual | E13: C7 | G13: Likely above 3°C warming with limited mitigation | AG13: 5 | AH13: ts_048 | AI13: =AH13 -> ts_048 | AJ13: 1 | AK13: C7 | AL13: a 3 deg | AM13: 1.5
A14: 5 | B14: =VLOOKUP(E14,$AK$9:$AL$15,2,FALSE)&"."&VLOOKUP(D14,$AH$9:$AI$24,2,FALSE) -> e 1.5 deg no OS.x12 | C14: =C13+1 -> 6 | D14: =VLOOKUP(AJ14,$AG$9:$AH$22,2,FALSE) -> ts_12t | E14: =E9 -> C1 | T14: =S12 -> 185.91 | U14: =$S$12*J15 -> 215.6556 | V14: =$S$12*K15 -> 243.5421 | W14: =$S$12*L15 -> 278.865 | X14: =$S$12*M15 -> 319.7652 | Y14: =$S$12*N15 -> 395.9883 | Z14: =$S$12*O15 -> 466.6341 | AG14: 6 | AH14: ts_072 | AI14: =AH14 -> ts_072 | AJ14: =AJ9+1 -> 2
A15: 5 | B15: =VLOOKUP(E15,$AK$9:$AL$15,2,FALSE)&"."&VLOOKUP(D15,$AH$9:$AI$24,2,FALSE) -> d 1.5 deg OS.x12 | C15: =C14+1 -> 7 | D15: =VLOOKUP(AJ15,$AG$9:$AH$22,2,FALSE) -> ts_12t | E15: =E10 -> C2 | G15: Electricity growth relative to 2020 | I15: =SUMIFS(ar6_r10!$F$2:$F$999,ar6_r10!$A$2:$A$999,Veda!$E$5,ar6_r10!$C$2:$C$999,Veda!I$17,ar6_r10!$M$2:$M$999,Veda!$G15) -> 1 | J15: =SUMIFS(ar6_r10!$F$2:$F$999,ar6_r10!$A$2:$A$999,Veda!$E$5,ar6_r10!$C$2:$C$999,Veda!J$17,ar6_r10!$M$2:$M$999,Veda!$G15) -> 1.16 | K15: =SUMIFS(ar6_r10!$F$2:$F$999,ar6_r10!$A$2:$A$999,Veda!$E$5,ar6_r10!$C$2:$C$999,Veda!K$17,ar6_r10!$M$2:$M$999,Veda!$G15) -> 1.31 | L15: =SUMIFS(ar6_r10!$F$2:$F$999,ar6_r10!$A$2:$A$999,Veda!$E$5,ar6_r10!$C$2:$C$999,Veda!L$17,ar6_r10!$M$2:$M$999,Veda!$G15) -> 1.5 | M15: =SUMIFS(ar6_r10!$F$2:$F$999,ar6_r10!$A$2:$A$999,Veda!$E$5,ar6_r10!$C$2:$C$999,Veda!M$17,ar6_r10!$M$2:$M$999,Veda!$G15) -> 1.72 | N15: =SUMIFS(ar6_r10!$F$2:$F$999,ar6_r10!$A$2:$A$999,Veda!$E$5,ar6_r10!$C$2:$C$999,Veda!N$17,ar6_r10!$M$2:$M$999,Veda!$G15) -> 2.13 | O15: =SUMIFS(ar6_r10!$F$2:$F$999,ar6_r10!$A$2:$A$999,Veda!$E$5,ar6_r10!$C$2:$C$999,Veda!O$17,ar6_r10!$M$2:$M$999,Veda!$G15) -> 2.51 | AG15: 7 | AH15: ts_144 | AI15: =AH15 -> ts_144 | AJ15: =AJ10+1 -> 2
A16: 5 | B16: =VLOOKUP(E16,$AK$9:$AL$15,2,FALSE)&"."&VLOOKUP(D16,$AH$9:$AI$24,2,FALSE) -> c 2 deg (67%).x12 | C16: =C15+1 -> 8 | D16: =VLOOKUP(AJ16,$AG$9:$AH$22,2,FALSE) -> ts_12t | E16: =E11 -> C3 | S16: ~TFM_INS-TS | AG16: 8 | AH16: ts_288 | AI16: =AH16 -> ts_288 | AJ16: =AJ11+1 -> 2
A17: 5 | B17: =VLOOKUP(E17,$AK$9:$AL$15,2,FALSE)&"."&VLOOKUP(D17,$AH$9:$AI$24,2,FALSE) -> b 2 deg (50%).x12 | C17: =C16+1 -> 9 | D17: =VLOOKUP(AJ17,$AG$9:$AH$22,2,FALSE) -> ts_12t | E17: =E12 -> C4 | I17: 2020 | J17: =U17 -> 2025 | K17: =V17 -> 2030 | L17: =W17 -> 2035 | M17: =X17 -> 2040 | N17: =Y17 -> 2045 | O17: =Z17 -> 2050 | S17: commodity | T17: 2022 | U17: 2025 | V17: 2030 | W17: 2035 | X17: 2040 | Y17: 2045 | Z17: 2050 | AA17: attribute | AG17: 9 | AH17: s1v1_d | AI17: f2d96 | AJ17: =AJ12+1 -> 2
A18: 5 | B18: =VLOOKUP(E18,$AK$9:$AL$15,2,FALSE)&"."&VLOOKUP(D18,$AH$9:$AI$24,2,FALSE) -> a 3 deg.x12 | C18: =C17+1 -> 10 | D18: =VLOOKUP(AJ18,$AG$9:$AH$22,2,FALSE) -> ts_12t | E18: =E13 -> C7 | G18: Hydrogen as a share of electricity | I18: =SUMIFS(ar6_r10!$F$2:$F$999,ar6_r10!$A$2:$A$999,Veda!$E$5,ar6_r10!$C$2:$C$999,Veda!I$17,ar6_r10!$M$2:$M$999,Veda!$G18) -> 0 | J18: =SUMIFS(ar6_r10!$F$2:$F$999,ar6_r10!$A$2:$A$999,Veda!$E$5,ar6_r10!$C$2:$C$999,Veda!J$17,ar6_r10!$M$2:$M$999,Veda!$G18) -> 0 | K18: =SUMIFS(ar6_r10!$F$2:$F$999,ar6_r10!$A$2:$A$999,Veda!$E$5,ar6_r10!$C$2:$C$999,Veda!K$17,ar6_r10!$M$2:$M$999,Veda!$G18) -> 0 | L18: =SUMIFS(ar6_r10!$F$2:$F$999,ar6_r10!$A$2:$A$999,Veda!$E$5,ar6_r10!$C$2:$C$999,Veda!L$17,ar6_r10!$M$2:$M$999,Veda!$G18) -> 0.01 | M18: =SUMIFS(ar6_r10!$F$2:$F$999,ar6_r10!$A$2:$A$999,Veda!$E$5,ar6_r10!$C$2:$C$999,Veda!M$17,ar6_r10!$M$2:$M$999,Veda!$G18) -> 0.02 | N18: =SUMIFS(ar6_r10!$F$2:$F$999,ar6_r10!$A$2:$A$999,Veda!$E$5,ar6_r10!$C$2:$C$999,Veda!N$17,ar6_r10!$M$2:$M$999,Veda!$G18) -> 0.03 | O18: =SUMIFS(ar6_r10!$F$2:$F$999,ar6_r10!$A$2:$A$999,Veda!$E$5,ar6_r10!$C$2:$C$999,Veda!O$17,ar6_r10!$M$2:$M$999,Veda!$G18) -> 0.03 | S18: hydrogen_allsect | T18: =I18*T$14 -> 0 | U18: =J18*U$14 -> 0 | V18: =K18*V$14 -> 0 | W18: =L18*W$14 -> 2.78865 | X18: =M18*X$14 -> 6.395304 | Y18: =N18*Y$14 -> 11.879649 | Z18: =O18*Z$14 -> 13.999023 | AA18: demand | AG18: 10 | AH18: ts_096 | AI18: e96 | AJ18: =AJ13+1 -> 2
A19: 5 | B19: =VLOOKUP(E19,$AK$9:$AL$15,2,FALSE)&"."&VLOOKUP(D19,$AH$9:$AI$24,2,FALSE) -> e 1.5 deg no OS.ts_012 | C19: =C18+1 -> 11 | D19: =VLOOKUP(AJ19,$AG$9:$AH$22,2,FALSE) -> ts_012 | E19: =E14 -> C1 | G19: Industry electricity share | I19: =SUMIFS(ar6_r10!$F$2:$F$999,ar6_r10!$A$2:$A$999,Veda!$E$5,ar6_r10!$C$2:$C$999,Veda!I$17,ar6_r10!$M$2:$M$999,Veda!$G19) -> 0.46 | J19: =SUMIFS(ar6_r10!$F$2:$F$999,ar6_r10!$A$2:$A$999,Veda!$E$5,ar6_r10!$C$2:$C$999,Veda!J$17,ar6_r10!$M$2:$M$999,Veda!$G19) -> 0.42 | K19: =SUMIFS(ar6_r10!$F$2:$F$999,ar6_r10!$A$2:$A$999,Veda!$E$5,ar6_r10!$C$2:$C$999,Veda!K$17,ar6_r10!$M$2:$M$999,Veda!$G19) -> 0.44 | L19: =SUMIFS(ar6_r10!$F$2:$F$999,ar6_r10!$A$2:$A$999,Veda!$E$5,ar6_r10!$C$2:$C$999,Veda!L$17,ar6_r10!$M$2:$M$999,Veda!$G19) -> 0.43 | M19: =SUMIFS(ar6_r10!$F$2:$F$999,ar6_r10!$A$2:$A$999,Veda!$E$5,ar6_r10!$C$2:$C$999,Veda!M$17,ar6_r10!$M$2:$M$999,Veda!$G19) -> 0.41 | N19: =SUMIFS(ar6_r10!$F$2:$F$999,ar6_r10!$A$2:$A$999,Veda!$E$5,ar6_r10!$C$2:$C$999,Veda!N$17,ar6_r10!$M$2:$M$999,Veda!$G19) -> 0.43 | O19: =SUMIFS(ar6_r10!$F$2:$F$999,ar6_r10!$A$2:$A$999,Veda!$E$5,ar6_r10!$C$2:$C$999,Veda!O$17,ar6_r10!$M$2:$M$999,Veda!$G19) -> 0.39 | S19: elc_industry | T19: =I19*T$14 -> 85.5186 | U19: =J19*U$14 -> 90.575352 | V19: =K19*V$14 -> 107.15852 | W19: =L19*W$14 -> 119.91195 | X19: =M19*X$14 -> 131.10373 | Y19: =N19*Y$14 -> 170.27497 | Z19: =O19*Z$14 -> 181.9873 | AA19: demand | AG19: 11 | AH19: s1p1v1_d | AI19: d9d | AJ19: =AJ14+1 -> 3
A20: 5 | B20: =VLOOKUP(E20,$AK$9:$AL$15,2,FALSE)&"."&VLOOKUP(D20,$AH$9:$AI$24,2,FALSE) -> d 1.5 deg OS.ts_012 | C20: =C19+1 -> 12 | D20: =VLOOKUP(AJ20,$AG$9:$AH$22,2,FALSE) -> ts_012 | E20: =E15 -> C2 | G20: Residential and commercial electricity share | I20: =SUMIFS(ar6_r10!$F$2:$F$999,ar6_r10!$A$2:$A$999,Veda!$E$5,ar6_r10!$C$2:$C$999,Veda!I$17,ar6_r10!$M$2:$M$999,Veda!$G20) -> 0.53 | J20: =SUMIFS(ar6_r10!$F$2:$F$999,ar6_r10!$A$2:$A$999,Veda!$E$5,ar6_r10!$C$2:$C$999,Veda!J$17,ar6_r10!$M$2:$M$999,Veda!$G20) -> 0.56 | K20: =SUMIFS(ar6_r10!$F$2:$F$999,ar6_r10!$A$2:$A$999,Veda!$E$5,ar6_r10!$C$2:$C$999,Veda!K$17,ar6_r10!$M$2:$M$999,Veda!$G20) -> 0.53 | L20: =SUMIFS(ar6_r10!$F$2:$F$999,ar6_r10!$A$2:$A$999,Veda!$E$5,ar6_r10!$C$2:$C$999,Veda!L$17,ar6_r10!$M$2:$M$999,Veda!$G20) -> 0.52 | M20: =SUMIFS(ar6_r10!$F$2:$F$999,ar6_r10!$A$2:$A$999,Veda!$E$5,ar6_r10!$C$2:$C$999,Veda!M$17,ar6_r10!$M$2:$M$999,Veda!$G20) -> 0.52 | N20: =SUMIFS(ar6_r10!$F$2:$F$999,ar6_r10!$A$2:$A$999,Veda!$E$5,ar6_r10!$C$2:$C$999,Veda!N$17,ar6_r10!$M$2:$M$999,Veda!$G20) -> 0.5 | O20: =SUMIFS(ar6_r10!$F$2:$F$999,ar6_r10!$A$2:$A$999,Veda!$E$5,ar6_r10!$C$2:$C$999,Veda!O$17,ar6_r10!$M$2:$M$999,Veda!$G20) -> 0.49 | S20: elc_buildings | T20: =I20*T$14 -> 98.5323 | U20: =J20*U$14 -> 120.76714 | V20: =K20*V$14 -> 129.07731 | W20: =L20*W$14 -> 145.0098 | X20: =M20*X$14 -> 166.2779 | Y20: =N20*Y$14 -> 197.99415 | Z20: =O20*Z$14 -> 228.65071 | AA20: demand | AG20: 12 | AH20: s5p5v5_d | AI20: c15d | AJ20: =AJ15+1 -> 3
A21: 5 | B21: =VLOOKUP(E21,$AK$9:$AL$15,2,FALSE)&"."&VLOOKUP(D21,$AH$9:$AI$24,2,FALSE) -> c 2 deg (67%).ts_012 | C21: =C20+1 -> 13 | D21: =VLOOKUP(AJ21,$AG$9:$AH$22,2,FALSE) -> ts_012 | E21: =E16 -> C3 | G21: Transportation electricity share | I21: =SUMIFS(ar6_r10!$F$2:$F$999,ar6_r10!$A$2:$A$999,Veda!$E$5,ar6_r10!$C$2:$C$999,Veda!I$17,ar6_r10!$M$2:$M$999,Veda!$G21) -> 0.01 | J21: =SUMIFS(ar6_r10!$F$2:$F$999,ar6_r10!$A$2:$A$999,Veda!$E$5,ar6_r10!$C$2:$C$999,Veda!J$17,ar6_r10!$M$2:$M$999,Veda!$G21) -> 0.01 | K21: =SUMIFS(ar6_r10!$F$2:$F$999,ar6_r10!$A$2:$A$999,Veda!$E$5,ar6_r10!$C$2:$C$999,Veda!K$17,ar6_r10!$M$2:$M$999,Veda!$G21) -> 0.02 | L21: =SUMIFS(ar6_r10!$F$2:$F$999,ar6_r10!$A$2:$A$999,Veda!$E$5,ar6_r10!$C$2:$C$999,Veda!L$17,ar6_r10!$M$2:$M$999,Veda!$G21) -> 0.03 | M21: =SUMIFS(ar6_r10!$F$2:$F$999,ar6_r10!$A$2:$A$999,Veda!$E$5,ar6_r10!$C$2:$C$999,Veda!M$17,ar6_r10!$M$2:$M$999,Veda!$G21) -> 0.04 | N21: =SUMIFS(ar6_r10!$F$2:$F$999,ar6_r10!$A$2:$A$999,Veda!$E$5,ar6_r10!$C$2:$C$999,Veda!N$17,ar6_r10!$M$2:$M$999,Veda!$G21) -> 0.06 | O21: =SUMIFS(ar6_r10!$F$2:$F$999,ar6_r10!$A$2:$A$999,Veda!$E$5,ar6_r10!$C$2:$C$999,Veda!O$17,ar6_r10!$M$2:$M$999,Veda!$G21) -> 0.08 | S21: elc_transport | T21: =I21*T$14 -> 1.8591 | U21: =T21 -> 1.8591 | V21: =U21 -> 1.8591 | W21: =V21 -> 1.8591 | X21: =W21 -> 1.8591 | Y21: =X21 -> 1.8591 | Z21: =Y21 -> 1.8591 | AA21: demand | AC21: non-road transport demand assumed to be constant | AJ21: =AJ16+1 -> 3
A22: 5 | B22: =VLOOKUP(E22,$AK$9:$AL$15,2,FALSE)&"."&VLOOKUP(D22,$AH$9:$AI$24,2,FALSE) -> b 2 deg (50%).ts_012 | C22: =C21+1 -> 14 | D22: =VLOOKUP(AJ22,$AG$9:$AH$22,2,FALSE) -> ts_012 | E22: =E17 -> C4 | S22: elc_roadtransport | T22: =T14-SUM(T19:T21) -> 0 | U22: =U14-SUM(U19:U21) -> 2.454012 | V22: =V14-SUM(V19:V21) -> 5.447163 | W22: =W14-SUM(W19:W21) -> 12.08415 | X22: =X14-SUM(X19:X21) -> 20.524464 | Y22: =Y14-SUM(Y19:Y21) -> 25.860081 | Z22: =Z14-SUM(Z19:Z21) -> 54.136992 | AA22: demand | AJ22: =AJ17+1 -> 3
A23: 5 | B23: =VLOOKUP(E23,$AK$9:$AL$15,2,FALSE)&"."&VLOOKUP(D23,$AH$9:$AI$24,2,FALSE) -> a 3 deg.ts_012 | C23: =C22+1 -> 15 | D23: =VLOOKUP(AJ23,$AG$9:$AH$22,2,FALSE) -> ts_012 | E23: =E18 -> C7 | S23: * | AJ23: =AJ18+1 -> 3
A24: 5 | B24: =VLOOKUP(E24,$AK$9:$AL$15,2,FALSE)&"."&VLOOKUP(D24,$AH$9:$AI$24,2,FALSE) -> e 1.5 deg no OS.ts_030 | C24: =C23+1 -> 16 | D24: =VLOOKUP(AJ24,$AG$9:$AH$22,2,FALSE) -> ts_030 | E24: =E19 -> C1 | G24: CO2 price | I24: 0 | J24: 0 | K24: =SUMIFS(ar6_r10!$F$2:$F$999,ar6_r10!$A$2:$A$999,Veda!$E$5,ar6_r10!$C$2:$C$999,Veda!K$17,ar6_r10!$M$2:$M$999,Veda!$G24) -> 55.79 | L24: =SUMIFS(ar6_r10!$F$2:$F$999,ar6_r10!$A$2:$A$999,Veda!$E$5,ar6_r10!$C$2:$C$999,Veda!L$17,ar6_r10!$M$2:$M$999,Veda!$G24) -> 89.54 | M24: =SUMIFS(ar6_r10!$F$2:$F$999,ar6_r10!$A$2:$A$999,Veda!$E$5,ar6_r10!$C$2:$C$999,Veda!M$17,ar6_r10!$M$2:$M$999,Veda!$G24) -> 128.23 | N24: =SUMIFS(ar6_r10!$F$2:$F$999,ar6_r10!$A$2:$A$999,Veda!$E$5,ar6_r10!$C$2:$C$999,Veda!N$17,ar6_r10!$M$2:$M$999,Veda!$G24) -> 171.82 | O24: =SUMIFS(ar6_r10!$F$2:$F$999,ar6_r10!$A$2:$A$999,Veda!$E$5,ar6_r10!$C$2:$C$999,Veda!O$17,ar6_r10!$M$2:$M$999,Veda!$G24) -> 208.87 | S24: co2net | U24: 0 | V24: =K24/1000 -> 0.05579 | W24: =L24/1000 -> 0.08954 | X24: =M24/1000 -> 0.12823 | Y24: =N24/1000 -> 0.17182 | Z24: =O24/1000 -> 0.20887 | AA24: com_taxnet | AJ24: =AJ19+1 -> 4
A25: 5 | B25: =VLOOKUP(E25,$AK$9:$AL$15,2,FALSE)&"."&VLOOKUP(D25,$AH$9:$AI$24,2,FALSE) -> d 1.5 deg OS.ts_030 | C25: =C24+1 -> 17 | D25: =VLOOKUP(AJ25,$AG$9:$AH$22,2,FALSE) -> ts_030 | E25: =E20 -> C2 | AJ25: =AJ20+1 -> 4
A26: 5 | B26: =VLOOKUP(E26,$AK$9:$AL$15,2,FALSE)&"."&VLOOKUP(D26,$AH$9:$AI$24,2,FALSE) -> c 2 deg (67%).ts_030 | C26: =C25+1 -> 18 | D26: =VLOOKUP(AJ26,$AG$9:$AH$22,2,FALSE) -> ts_030 | E26: =E21 -> C3 | S26: ~TFM_INS-TS | AJ26: =AJ21+1 -> 4
A27: 5 | B27: =VLOOKUP(E27,$AK$9:$AL$15,2,FALSE)&"."&VLOOKUP(D27,$AH$9:$AI$24,2,FALSE) -> b 2 deg (50%).ts_030 | C27: =C26+1 -> 19 | D27: =VLOOKUP(AJ27,$AG$9:$AH$22,2,FALSE) -> ts_030 | E27: =E22 -> C4 | S27: process | T27: =T17 -> 2022 | U27: =U17 -> 2025 | V27: =V17 -> 2030 | W27: =W17 -> 2035 | X27: =X17 -> 2040 | Y27: =Y17 -> 2045 | Z27: =Z17 -> 2050 | AA27: attribute | AB27: limtype | AJ27: =AJ22+1 -> 4
A28: 5 | B28: =VLOOKUP(E28,$AK$9:$AL$15,2,FALSE)&"."&VLOOKUP(D28,$AH$9:$AI$24,2,FALSE) -> a 3 deg.ts_030 | C28: =C27+1 -> 20 | D28: =VLOOKUP(AJ28,$AG$9:$AH$22,2,FALSE) -> ts_030 | E28: =E23 -> C7 | Q28: =SUMIFS(iea_data!G3:G9999,iea_data!$B$3:$B$9999,Veda!$S$11) -> 0.03 | S28: Trd_electricity import | T28: =Q28 -> 0.03 | AA28: ACT_BND | AB28: FX | AJ28: =AJ23+1 -> 4
A29: 5 | B29: =VLOOKUP(E29,$AK$9:$AL$15,2,FALSE)&"."&VLOOKUP(D29,$AH$9:$AI$24,2,FALSE) -> e 1.5 deg no OS.ts_048 | C29: =C28+1 -> 21 | D29: =VLOOKUP(AJ29,$AG$9:$AH$22,2,FALSE) -> ts_048 | E29: =E24 -> C1 | Q29: =SUMIFS(iea_data!H3:H9999,iea_data!$B$3:$B$9999,Veda!$S$11) -> -1.42 | S29: Trd_electricity export | T29: =-1*Q29 -> 1.42 | AA29: ACT_BND | AB29: FX | AJ29: =AJ24+1 -> 5
A30: 5 | B30: =VLOOKUP(E30,$AK$9:$AL$15,2,FALSE)&"."&VLOOKUP(D30,$AH$9:$AI$24,2,FALSE) -> d 1.5 deg OS.ts_048 | C30: =C29+1 -> 22 | D30: =VLOOKUP(AJ30,$AG$9:$AH$22,2,FALSE) -> ts_048 | E30: =E25 -> C2 | AJ30: =AJ25+1 -> 5
A31: 5 | B31: =VLOOKUP(E31,$AK$9:$AL$15,2,FALSE)&"."&VLOOKUP(D31,$AH$9:$AI$24,2,FALSE) -> c 2 deg (67%).ts_048 | C31: =C30+1 -> 23 | D31: =VLOOKUP(AJ31,$AG$9:$AH$22,2,FALSE) -> ts_048 | E31: =E26 -> C3 | AJ31: =AJ26+1 -> 5
A32: 5 | B32: =VLOOKUP(E32,$AK$9:$AL$15,2,FALSE)&"."&VLOOKUP(D32,$AH$9:$AI$24,2,FALSE) -> b 2 deg (50%).ts_048 | C32: =C31+1 -> 24 | D32: =VLOOKUP(AJ32,$AG$9:$AH$22,2,FALSE) -> ts_048 | E32: =E27 -> C4 | AJ32: =AJ27+1 -> 5
A33: 5 | B33: =VLOOKUP(E33,$AK$9:$AL$15,2,FALSE)&"."&VLOOKUP(D33,$AH$9:$AI$24,2,FALSE) -> a 3 deg.ts_048 | C33: =C32+1 -> 25 | D33: =VLOOKUP(AJ33,$AG$9:$AH$22,2,FALSE) -> ts_048 | E33: =E28 -> C7 | AJ33: =AJ28+1 -> 5
A34: 5 | B34: =VLOOKUP(E34,$AK$9:$AL$15,2,FALSE)&"."&VLOOKUP(D34,$AH$9:$AI$24,2,FALSE) -> e 1.5 deg no OS.ts_072 | C34: =C33+1 -> 26 | D34: =VLOOKUP(AJ34,$AG$9:$AH$22,2,FALSE) -> ts_072 | E34: =E29 -> C1 | AJ34: =AJ29+1 -> 6
A35: 5 | B35: =VLOOKUP(E35,$AK$9:$AL$15,2,FALSE)&"."&VLOOKUP(D35,$AH$9:$AI$24,2,FALSE) -> d 1.5 deg OS.ts_072 | C35: =C34+1 -> 27 | D35: =VLOOKUP(AJ35,$AG$9:$AH$22,2,FALSE) -> ts_072 | E35: =E30 -> C2 | AJ35: =AJ30+1 -> 6
A36: 5 | B36: =VLOOKUP(E36,$AK$9:$AL$15,2,FALSE)&"."&VLOOKUP(D36,$AH$9:$AI$24,2,FALSE) -> c 2 deg (67%).ts_072 | C36: =C35+1 -> 28 | D36: =VLOOKUP(AJ36,$AG$9:$AH$22,2,FALSE) -> ts_072 | E36: =E31 -> C3 | G36: C7 | AJ36: =AJ31+1 -> 6
A37: 5 | B37: =VLOOKUP(E37,$AK$9:$AL$15,2,FALSE)&"."&VLOOKUP(D37,$AH$9:$AI$24,2,FALSE) -> b 2 deg (50%).ts_072 | C37: =C36+1 -> 29 | D37: =VLOOKUP(AJ37,$AG$9:$AH$22,2,FALSE) -> ts_072 | E37: =E32 -> C4 | G37: Gas Price | I37: =SUMIFS(ar6_r10!$F$2:$F$999,ar6_r10!$A$2:$A$999,Veda!$G$36,ar6_r10!$C$2:$C$999,Veda!I$17,ar6_r10!$M$2:$M$999,Veda!$G37) -> 1 | J37: =SUMIFS(ar6_r10!$F$2:$F$999,ar6_r10!$A$2:$A$999,Veda!$G$36,ar6_r10!$C$2:$C$999,Veda!J$17,ar6_r10!$M$2:$M$999,Veda!$G37) -> 1.08 | K37: =SUMIFS(ar6_r10!$F$2:$F$999,ar6_r10!$A$2:$A$999,Veda!$G$36,ar6_r10!$C$2:$C$999,Veda!K$17,ar6_r10!$M$2:$M$999,Veda!$G37) -> 1.29 | L37: =SUMIFS(ar6_r10!$F$2:$F$999,ar6_r10!$A$2:$A$999,Veda!$G$36,ar6_r10!$C$2:$C$999,Veda!L$17,ar6_r10!$M$2:$M$999,Veda!$G37) -> 1.28 | M37: =SUMIFS(ar6_r10!$F$2:$F$999,ar6_r10!$A$2:$A$999,Veda!$G$36,ar6_r10!$C$2:$C$999,Veda!M$17,ar6_r10!$M$2:$M$999,Veda!$G37) -> 1.4 | N37: =SUMIFS(ar6_r10!$F$2:$F$999,ar6_r10!$A$2:$A$999,Veda!$G$36,ar6_r10!$C$2:$C$999,Veda!N$17,ar6_r10!$M$2:$M$999,Veda!$G37) -> 1.48 | O37: =SUMIFS(ar6_r10!$F$2:$F$999,ar6_r10!$A$2:$A$999,Veda!$G$36,ar6_r10!$C$2:$C$999,Veda!O$17,ar6_r10!$M$2:$M$999,Veda!$G37) -> 1.53 | AJ37: =AJ32+1 -> 6
A38: 5 | B38: =VLOOKUP(E38,$AK$9:$AL$15,2,FALSE)&"."&VLOOKUP(D38,$AH$9:$AI$24,2,FALSE) -> a 3 deg.ts_072 | C38: =C37+1 -> 30 | D38: =VLOOKUP(AJ38,$AG$9:$AH$22,2,FALSE) -> ts_072 | E38: =E33 -> C7 | G38: Coal Price | I38: =SUMIFS(ar6_r10!$F$2:$F$999,ar6_r10!$A$2:$A$999,Veda!$G$36,ar6_r10!$C$2:$C$999,Veda!I$17,ar6_r10!$M$2:$M$999,Veda!$G38) -> 1 | J38: =SUMIFS(ar6_r10!$F$2:$F$999,ar6_r10!$A$2:$A$999,Veda!$G$36,ar6_r10!$C$2:$C$999,Veda!J$17,ar6_r10!$M$2:$M$999,Veda!$G38) -> 1.04 | K38: =SUMIFS(ar6_r10!$F$2:$F$999,ar6_r10!$A$2:$A$999,Veda!$G$36,ar6_r10!$C$2:$C$999,Veda!K$17,ar6_r10!$M$2:$M$999,Veda!$G38) -> 1.11 | L38: =SUMIFS(ar6_r10!$F$2:$F$999,ar6_r10!$A$2:$A$999,Veda!$G$36,ar6_r10!$C$2:$C$999,Veda!L$17,ar6_r10!$M$2:$M$999,Veda!$G38) -> 1.14 | M38: =SUMIFS(ar6_r10!$F$2:$F$999,ar6_r10!$A$2:$A$999,Veda!$G$36,ar6_r10!$C$2:$C$999,Veda!M$17,ar6_r10!$M$2:$M$999,Veda!$G38) -> 1.16 | N38: =SUMIFS(ar6_r10!$F$2:$F$999,ar6_r10!$A$2:$A$999,Veda!$G$36,ar6_r10!$C$2:$C$999,Veda!N$17,ar6_r10!$M$2:$M$999,Veda!$G38) -> 1.18 | O38: =SUMIFS(ar6_r10!$F$2:$F$999,ar6_r10!$A$2:$A$999,Veda!$G$36,ar6_r10!$C$2:$C$999,Veda!O$17,ar6_r10!$M$2:$M$999,Veda!$G38) -> 1.19 | AJ38: =AJ33+1 -> 6
A39: 5 | B39: =VLOOKUP(E39,$AK$9:$AL$15,2,FALSE)&"."&VLOOKUP(D39,$AH$9:$AI$24,2,FALSE) -> e 1.5 deg no OS.ts_144 | C39: =C38+1 -> 31 | D39: =VLOOKUP(AJ39,$AG$9:$AH$22,2,FALSE) -> ts_144 | E39: =E34 -> C1 | G39: Oil Price | I39: =SUMIFS(ar6_r10!$F$2:$F$999,ar6_r10!$A$2:$A$999,Veda!$G$36,ar6_r10!$C$2:$C$999,Veda!I$17,ar6_r10!$M$2:$M$999,Veda!$G39) -> 1 | J39: =SUMIFS(ar6_r10!$F$2:$F$999,ar6_r10!$A$2:$A$999,Veda!$G$36,ar6_r10!$C$2:$C$999,Veda!J$17,ar6_r10!$M$2:$M$999,Veda!$G39) -> 1.17 | K39: =SUMIFS(ar6_r10!$F$2:$F$999,ar6_r10!$A$2:$A$999,Veda!$G$36,ar6_r10!$C$2:$C$999,Veda!K$17,ar6_r10!$M$2:$M$999,Veda!$G39) -> 1.34 | L39: =SUMIFS(ar6_r10!$F$2:$F$999,ar6_r10!$A$2:$A$999,Veda!$G$36,ar6_r10!$C$2:$C$999,Veda!L$17,ar6_r10!$M$2:$M$999,Veda!$G39) -> 1.33 | M39: =SUMIFS(ar6_r10!$F$2:$F$999,ar6_r10!$A$2:$A$999,Veda!$G$36,ar6_r10!$C$2:$C$999,Veda!M$17,ar6_r10!$M$2:$M$999,Veda!$G39) -> 1.44 | N39: =SUMIFS(ar6_r10!$F$2:$F$999,ar6_r10!$A$2:$A$999,Veda!$G$36,ar6_r10!$C$2:$C$999,Veda!N$17,ar6_r10!$M$2:$M$999,Veda!$G39) -> 1.63 | O39: =SUMIFS(ar6_r10!$F$2:$F$999,ar6_r10!$A$2:$A$999,Veda!$G$36,ar6_r10!$C$2:$C$999,Veda!O$17,ar6_r10!$M$2:$M$999,Veda!$G39) -> 1.89 | AJ39: =AJ34+1 -> 7
A40: 5 | B40: =VLOOKUP(E40,$AK$9:$AL$15,2,FALSE)&"."&VLOOKUP(D40,$AH$9:$AI$24,2,FALSE) -> d 1.5 deg OS.ts_144 | C40: =C39+1 -> 32 | D40: =VLOOKUP(AJ40,$AG$9:$AH$22,2,FALSE) -> ts_144 | E40: =E35 -> C2 | G40: Biomass Price | I40: =SUMIFS(ar6_r10!$F$2:$F$999,ar6_r10!$A$2:$A$999,Veda!$G$36,ar6_r10!$C$2:$C$999,Veda!I$17,ar6_r10!$M$2:$M$999,Veda!$G40) -> 1 | J40: =SUMIFS(ar6_r10!$F$2:$F$999,ar6_r10!$A$2:$A$999,Veda!$G$36,ar6_r10!$C$2:$C$999,Veda!J$17,ar6_r10!$M$2:$M$999,Veda!$G40) -> 0.97 | K40: =SUMIFS(ar6_r10!$F$2:$F$999,ar6_r10!$A$2:$A$999,Veda!$G$36,ar6_r10!$C$2:$C$999,Veda!K$17,ar6_r10!$M$2:$M$999,Veda!$G40) -> 0.95 | L40: =SUMIFS(ar6_r10!$F$2:$F$999,ar6_r10!$A$2:$A$999,Veda!$G$36,ar6_r10!$C$2:$C$999,Veda!L$17,ar6_r10!$M$2:$M$999,Veda!$G40) -> 0.93 | M40: =SUMIFS(ar6_r10!$F$2:$F$999,ar6_r10!$A$2:$A$999,Veda!$G$36,ar6_r10!$C$2:$C$999,Veda!M$17,ar6_r10!$M$2:$M$999,Veda!$G40) -> 0.89 | N40: =SUMIFS(ar6_r10!$F$2:$F$999,ar6_r10!$A$2:$A$999,Veda!$G$36,ar6_r10!$C$2:$C$999,Veda!N$17,ar6_r10!$M$2:$M$999,Veda!$G40) -> 0.88 | O40: =SUMIFS(ar6_r10!$F$2:$F$999,ar6_r10!$A$2:$A$999,Veda!$G$36,ar6_r10!$C$2:$C$999,Veda!O$17,ar6_r10!$M$2:$M$999,Veda!$G40) -> 0.95 | AJ40: =AJ35+1 -> 7
A41: 5 | B41: =VLOOKUP(E41,$AK$9:$AL$15,2,FALSE)&"."&VLOOKUP(D41,$AH$9:$AI$24,2,FALSE) -> c 2 deg (67%).ts_144 | C41: =C40+1 -> 33 | D41: =VLOOKUP(AJ41,$AG$9:$AH$22,2,FALSE) -> ts_144 | E41: =E36 -> C3 | AJ41: =AJ36+1 -> 7
A42: 5 | B42: =VLOOKUP(E42,$AK$9:$AL$15,2,FALSE)&"."&VLOOKUP(D42,$AH$9:$AI$24,2,FALSE) -> b 2 deg (50%).ts_144 | C42: =C41+1 -> 34 | D42: =VLOOKUP(AJ42,$AG$9:$AH$22,2,FALSE) -> ts_144 | E42: =E37 -> C4 | AJ42: =AJ37+1 -> 7
A43: 5 | B43: =VLOOKUP(E43,$AK$9:$AL$15,2,FALSE)&"."&VLOOKUP(D43,$AH$9:$AI$24,2,FALSE) -> a 3 deg.ts_144 | C43: =C42+1 -> 35 | D43: =VLOOKUP(AJ43,$AG$9:$AH$22,2,FALSE) -> ts_144 | E43: =E38 -> C7 | G43: ~TFM_INS-TS: attribute=flo_cost;pset_pn=-IMP*Z | AJ43: =AJ38+1 -> 7
A44: 5 | B44: =VLOOKUP(E44,$AK$9:$AL$15,2,FALSE)&"."&VLOOKUP(D44,$AH$9:$AI$24,2,FALSE) -> e 1.5 deg no OS.ts_288 | C44: =C43+1 -> 36 | D44: =VLOOKUP(AJ44,$AG$9:$AH$22,2,FALSE) -> ts_288 | E44: =E39 -> C1 | G44: commodity | H44: pset_co | I44: 2022 | J44: =J17 -> 2025 | K44: =K17 -> 2030 | L44: =L17 -> 2035 | M44: =M17 -> 2040 | N44: =N17 -> 2045 | O44: =O17 -> 2050 | R44: low | S44: high | AJ44: =AJ39+1 -> 8
A45: 5 | B45: =VLOOKUP(E45,$AK$9:$AL$15,2,FALSE)&"."&VLOOKUP(D45,$AH$9:$AI$24,2,FALSE) -> d 1.5 deg OS.ts_288 | C45: =C44+1 -> 37 | D45: =VLOOKUP(AJ45,$AG$9:$AH$22,2,FALSE) -> ts_288 | E45: =E40 -> C2 | G45: Gas | H45: =G45 -> Gas | I45: =AVERAGE($R45:$S45)*I37 -> 22.25 | J45: =AVERAGE($R45:$S45)*J37 -> 24.03 | K45: =AVERAGE($R45:$S45)*K37 -> 28.7025 | L45: =AVERAGE($R45:$S45)*L37 -> 28.48 | M45: =AVERAGE($R45:$S45)*M37 -> 31.15 | N45: =AVERAGE($R45:$S45)*N37 -> 32.93 | O45: =AVERAGE($R45:$S45)*O37 -> 34.0425 | R45: =HLOOKUP($G45&"_"&R$44,fuel_prices!$B$10:$I$11,2,FALSE) -> 17.1 | S45: =HLOOKUP($G45&"_"&S$44,fuel_prices!$B$10:$I$11,2,FALSE) -> 27.4 | AJ45: =AJ40+1 -> 8
A46: 5 | B46: =VLOOKUP(E46,$AK$9:$AL$15,2,FALSE)&"."&VLOOKUP(D46,$AH$9:$AI$24,2,FALSE) -> c 2 deg (67%).ts_288 | C46: =C45+1 -> 38 | D46: =VLOOKUP(AJ46,$AG$9:$AH$22,2,FALSE) -> ts_288 | E46: =E41 -> C3 | G46: Coal | H46: =G46 -> Coal | I46: =AVERAGE($R46:$S46)*I38 -> 13.1 | J46: =AVERAGE($R46:$S46)*J38 -> 13.624 | K46: =AVERAGE($R46:$S46)*K38 -> 14.541 | L46: =AVERAGE($R46:$S46)*L38 -> 14.934 | M46: =AVERAGE($R46:$S46)*M38 -> 15.196 | N46: =AVERAGE($R46:$S46)*N38 -> 15.458 | O46: =AVERAGE($R46:$S46)*O38 -> 15.589 | R46: =HLOOKUP($G46&"_"&R$44,fuel_prices!$B$10:$I$11,2,FALSE) -> 11 | S46: =HLOOKUP($G46&"_"&S$44,fuel_prices!$B$10:$I$11,2,FALSE) -> 15.2 | AJ46: =AJ41+1 -> 8
A47: 5 | B47: =VLOOKUP(E47,$AK$9:$AL$15,2,FALSE)&"."&VLOOKUP(D47,$AH$9:$AI$24,2,FALSE) -> b 2 deg (50%).ts_288 | C47: =C46+1 -> 39 | D47: =VLOOKUP(AJ47,$AG$9:$AH$22,2,FALSE) -> ts_288 | E47: =E42 -> C4 | G47: Oil | H47: =G47 -> Oil | I47: =AVERAGE($R47:$S47)*I39 -> 47 | J47: =AVERAGE($R47:$S47)*J39 -> 54.99 | K47: =AVERAGE($R47:$S47)*K39 -> 62.98 | L47: =AVERAGE($R47:$S47)*L39 -> 62.51 | M47: =AVERAGE($R47:$S47)*M39 -> 67.68 | N47: =AVERAGE($R47:$S47)*N39 -> 76.61 | O47: =AVERAGE($R47:$S47)*O39 -> 88.83 | R47: =HLOOKUP($G47&"_"&R$44,fuel_prices!$B$10:$I$11,2,FALSE) -> 42 | S47: =HLOOKUP($G47&"_"&S$44,fuel_prices!$B$10:$I$11,2,FALSE) -> 52 | AJ47: =AJ42+1 -> 8
A48: 5 | B48: =VLOOKUP(E48,$AK$9:$AL$15,2,FALSE)&"."&VLOOKUP(D48,$AH$9:$AI$24,2,FALSE) -> a 3 deg.ts_288 | C48: =C47+1 -> 40 | D48: =VLOOKUP(AJ48,$AG$9:$AH$22,2,FALSE) -> ts_288 | E48: =E43 -> C7 | G48: Bioenergy | H48: =G48 -> Bioenergy | I48: =AVERAGE($R48:$S48)*I40 -> 16 | O48: =VLOOKUP($E$5,$AK$9:$AM$15,3,FALSE)*I48 -> 48 | R48: =HLOOKUP($G48&"_"&R$44,fuel_prices!$B$10:$I$11,2,FALSE) -> 12 | S48: =HLOOKUP($G48&"_"&S$44,fuel_prices!$B$10:$I$11,2,FALSE) -> 20 | AJ48: =AJ43+1 -> 8
AJ49: =AJ44+1 -> 9
AJ50: =AJ45+1 -> 9
AJ51: =AJ46+1 -> 9
AJ52: =AJ47+1 -> 9
AJ53: =AJ48+1 -> 9
AJ54: =AJ49+1 -> 10
AJ55: =AJ50+1 -> 10
AJ56: =AJ51+1 -> 10
AJ57: =AJ52+1 -> 10
AJ58: =AJ53+1 -> 10
AJ59: =AJ54+1 -> 11
AJ60: =AJ55+1 -> 11
... AJ78: =AJ73+1 -> 14

Sheet fuel_prices
A9: Fuel Prices
A10: iso | B10: gas_low | C10: gas_high | D10: coal_low | E10: coal_high | F10: oil_low | G10: oil_high | H10: bioenergy_low | I10: bioenergy_high | J10: Notes
A11: MYS | B11: 17.1 | C11: 27.4 | D11: 11 | E11: 15.2 | F11: 42 | G11: 52 | H11: 12 | I11: 20 | J11: Domestic gas production, palm residues

Sheet iea_data
A9: IEA Baseline Data
A10: iso | B10: year | C10: industry_twh | D10: buildings_agri_twh | E10: nonroad_transport_twh | F10: road_transport_twh | G10: imports_twh | H10: exports_twh | I10: total_production_twh
A11: MYS | B11: 2000 | C11: 40.93 | D11: 28.53 | E11: 0.05 | F11: 0 | G11: 0 | H11: 0 | I11: 69.26
A12: MYS | B12: 2001 | C12: 42.61 | D12: 30.94 | E12: 0.04 | F12: 0 | G12: 0 | H12: 0 | I12: 71.08
A13: MYS | B13: 2002 | C13: 44.48 | D13: 33.25 | E13: 0.05 | F13: 0 | G13: 0 | H13: -0.03 | I13: 74.25
A14: MYS | B14: 2003 | C14: 47.12 | D14: 35.66 | E14: 0.06 | F14: 0 | G14: 0 | H14: -0.2 | I14: 78.47
A15: MYS | B15: 2004 | C15: 48.72 | D15: 38.35 | E15: 0.05 | F15: 0 | G15: 0.1 | H15: -0.62 | I15: 82.28
A16: MYS | B16: 2005 | C16: 49.12 | D16: 41.49 | E16: 0.06 | F16: 0 | G16: 0 | H16: -2.23 | I16: 82.67
A17: MYS | B17: 2006 | C17: 51.19 | D17: 44.1 | E17: 0.06 | F17: 0 | G17: 0 | H17: -2.32 | I17: 89.83
A18: MYS | B18: 2007 | C18: 53.41 | D18: 47.6 | E18: 0.04 | F18: 0 | G18: 0 | H18: -2.26 | I18: 97.52
A19: MYS | B19: 2008 | C19: 54.61 | D19: 49.83 | E19: 0.17 | F19: 0 | G19: 0.11 | H19: -0.58 | I19: 97.8
A20: MYS | B20: 2009 | C20: 62.79 | D20: 52.98 | E20: 0.14 | F20: 0 | G20: 0.01 | H20: -0.1 | I20: 116
A21: MYS | B21: 2010 | C21: 66.5 | D21: 57.93 | E21: 0.21 | F21: 0 | G21: 0 | H21: -0.15 | I21: 124.79
A22: MYS | B22: 2011 | C22: 69.4 | D22: 60.03 | E22: 0.21 | F22: 0 | G22: 0.37 | H22: -0.01 | I22: 129.28
... A33: MYS | B33: 2022 | C33: 99.43 | D33: 83.83 | E33: 0.25 | F33: 0 | G33: 0.03 | H33: -1.42 | I33: 187.3

Sheet ar6_r10
A9: AR6 Scenario Drivers
A10: Category | B10: Region | C10: Year | D10: count | E10: mean | F10: median | G10: std | H10: min | I10: max | J10: q25 | K10: q75 | L10: category_description | M10: attribute
A11: C1 | B11: R10REST_ASIA | C11: 2020 | D11: 60 | E11: 3.28 | F11: 0.55 | G11: 3.92 | H11: 0 | I11: 9.19 | J11: 0 | K11: 8.05 | L11: Limit warming to 1.5°C (>50%) with no or limited overshoot | M11: CO2 price
A12: C1 | B12: R10REST_ASIA | C12: 2025 | D12: 60 | E12: 144.21 | F12: 117.22 | G12: 125.47 | H12: 9.49 | I12: 626.48 | J12: 72.92 | K12: 177.75 | L12: Limit warming to 1.5°C (>50%) with no or limited overshoot | M12: CO2 price
A13: C1 | B13: R10REST_ASIA | C13: 2030 | D13: 60 | E13: 204.31 | F13: 186.64 | G13: 116.81 | H13: 6.28 | I13: 673.46 | J13: 116.89 | K13: 241.69 | L13: Limit warming to 1.5°C (>50%) with no or limited overshoot | M13: CO2 price
A14: C1 | B14: R10REST_ASIA | C14: 2035 | D14: 60 | E14: 292.3 | F14: 250.8 | G14: 154.01 | H14: 34.16 | I14: 859.53 | J14: 184.18 | K14: 361.62 | L14: Limit warming to 1.5°C (>50%) with no or limited overshoot | M14: CO2 price
A15: C1 | B15: R10REST_ASIA | C15: 2040 | D15: 60 | E15: 406.37 | F15: 325.37 | G15: 208.03 | H15: 145.16 | I15: 1097.01 | J15: 278.29 | K15: 499.12 | L15: Limit warming to 1.5°C (>50%) with no or limited overshoot | M15: CO2 price
A16: C1 | B16: R10REST_ASIA | C16: 2045 | D16: 60 | E16: 524.62 | F16: 440.67 | G16: 244.73 | H16: 193.42 | I16: 1269.88 | J16: 355.81 | K16: 713.93 | L16: Limit warming to 1.5°C (>50%) with no or limited overshoot | M16: CO2 price
A17: C1 | B17: R10REST_ASIA | C17: 2050 | D17: 60 | E17: 628.96 | F17: 581.75 | G17: 257.45 | H17: 209.76 | I17: 1170.26 | J17: 412.98 | K17: 808.29 | L17: Limit warming to 1.5°C (>50%) with no or limited overshoot | M17: CO2 price
A18: C2 | B18: R10REST_ASIA | C18: 2020 | D18: 86 | E18: 1.62 | F18: 0.12 | G18: 2.95 | H18: 0 | I18: 9.08 | J18: 0 | K18: 0.88 | L18: Limit warming to 1.5°C (>67%) with high overshoot | M18: CO2 price
A19: C2 | B19: R10REST_ASIA | C19: 2025 | D19: 75 | E19: 46.43 | F19: 28.76 | G19: 40.02 | H19: 7.08 | I19: 174.97 | J19: 20.12 | K19: 61.53 | L19: Limit warming to 1.5°C (>67%) with high overshoot | M19: CO2 price
A20: C2 | B20: R10REST_ASIA | C20: 2030 | D20: 86 | E20: 62.15 | F20: 50 | G20: 46.76 | H20: 0 | I20: 221.93 | J20: 25.96 | K20: 72.46 | L20: Limit warming to 1.5°C (>67%) with high overshoot | M20: CO2 price
A21: C2 | B21: R10REST_ASIA | C21: 2035 | D21: 75 | E21: 199.95 | F21: 135.74 | G21: 294.3 | H21: 46.61 | I21: 2037.12 | J21: 86.12 | K21: 201.85 | L21: Limit warming to 1.5°C (>67%) with high overshoot | M21: CO2 price
A22: C2 | B22: R10REST_ASIA | C22: 2040 | D22: 86 | E22: 246.92 | F22: 165.64 | G22: 360.4 | H22: 0 | I22: 2600 | J22: 111.3 | K22: 257.19 | L22: Limit warming to 1.5°C (>67%) with high overshoot | M22: CO2 price
... A360: C7 | B360: R10REST_ASIA | C360: 2050 | D360: 7 | E360: 1.06 | F360: 0.95 | G360: 0.3 | H360: 0.86 | I360: 1.7 | J360: 0.87 | K360: 1.1 | L360: Likely above 3°C warming with limited mitigation | M360: Biomass price

Sheet ev_charging_uc
A10: =IFERROR(Veda!D5,"ts_12t") -> ts_annual | C10: day_night | D10: ts_012 | F10: day_night | G10: ts_024 | I10: day_night | J10: ts_036 | L10: day_night | M10: ts_048 | O10: day_night | P10: ts_144 | R10: day_night | S10: ts_288 | U10: day_night | V10: ts_072P10 | X10: day_night | Y10: ts_072P90 | AA10: day_night | AB10: ts_annual | AD10: day_night | AE10: ts_12t
C11: D | D11: S04aH03,S04aH02,S01aH02,S01aH03,S03aH02,S02aH02,S03aH03,S02aH03 | F11: D | G11: S03aH03,S01aH05,S03aH04,S02aH03,S04aH03,S02aH02,S04aH02,S03aH02,S04aH05,S01aH04,S02aH04,S02aH05,S01aH02,S04aH04,S03aH05,S01aH03 | I11: D | J11: S02aH02,S02aH03,S03aH05,S05aH05,S06aH04,S04aH03,S03aH02,S01aH05,S06aH05,S02aH04,S02aH05,S01aH03,S05aH02,S05aH03,S05aH04,S06aH02,S06aH03,S03aH04,S04aH02,S01aH02,S04aH04,S01aH04,S03aH03,S04aH05 | L11: D | M11: S03aH02,S01aH06,S02aH03,S05aH07,S04aH05,S02aH02,S06aH06,S01aH02,S04aH04,S04aH02,S02aH06,S03aH05,S04aH07,S05aH05,S06aH04,S02aH04,S02aH05,S06aH07,S04aH03,S03aH03,S03aH04,S01aH04,S01aH07,S02aH07,S01aH03,S05aH02,S05aH03,S05aH06,S04aH06,S05aH04,S06aH02,S06aH03,S01aH05,S03aH06,S03aH07,S06aH05 | O11: D | P11: S01aH04,S01aH07,S02aH07,S02aH09,S04aH09,S04aH11,S07aH02,S07aH06,S08aH09,S03aH11,S04aH03,S07aH04,S07aH09,S08aH03,S09aH04,S04aH02,S05aH11,S08aH07,S09aH02,S09aH03,S01aH05,S01aH08,S02aH08,S03aH06,S03aH07,S06aH05,S08aH10,S02aH04,S02aH05,S03aH09,S05aH09,S06aH07,S07aH07,S07aH08,S08aH08,S01aH06,S02aH03,S05aH07,S06aH09,S06aH11,S07aH03,S07aH11,S08aH06,S09aH09,S09aH10,S05aH08,S08aH02,S09aH06,S02aH06,S03aH05,S03aH08,S03aH10,S04aH07,S05aH05,S06aH04,S06aH08,S08aH04,S01aH11,S02aH02,S04aH10,S06aH06,S06aH10,S03aH03,S09aH05,S01aH10,S02aH11,S03aH02,S07aH05,S07aH10,S08aH11,S01aH02,S04aH04,S05aH10,S09aH11,S01aH09,S03aH04,S08aH05,S09aH07,S01aH03,S02aH10,S05aH02,S05aH03,S05aH06,S04aH06,S05aH04,S06aH02,S06aH03,S09aH08,S04aH05,S04aH08 | R11: D | S11: S03aH11,S04aH03,S07aH04,S07aH09,S08aH03,S09aH04,S11aH07,S12aH02,S14aH06,S01aH10,S02aH11,S03aH02,S07aH05,S07aH10,S08aH11,S11aH11,S14aH02,S14aH10,S01aH09,S03aH04,S08aH05,S09aH07,S10aH09,S10aH10,S11aH05,S11aH10,S12aH03,S01aH06,S02aH03,S05aH07,S06aH09,S06aH11,S07aH03,S07aH11,S08aH06,S09aH09,S09aH10,S10aH07,S12aH10,S13aH09,S13aH10,S05aH08,S08aH02,S09aH06,S10aH08,S14aH07,S01aH03,S02aH10,S05aH02,S05aH03,S05aH06,S12aH09,S04aH05,S04aH08,S11aH09,S12aH08,S13aH04,S13aH08,S01aH04,S01aH07,S02aH07,S02aH09,S04aH09,S04aH11,S07aH02,S07aH06,S08aH09,S10aH11,S13aH07,S02aH04,S02aH05,S03aH09,S05aH09,S06aH07,S07aH07,S07aH08,S08aH08,S10aH03,S10aH05,S04aH02,S05aH11,S08aH07,S09aH02,S09aH03,S11aH03,S11aH04,S12aH11,S14aH03,S01aH02,S04aH04,S05aH10,S09aH11,S13aH11,S14aH08,S01aH11,S02aH02,S04aH10,S06aH06,S06aH10,S11aH08,S14aH04,S14aH05,S03aH03,S09aH05,S12aH07,S13aH05,S04aH06,S05aH04,S06aH02,S06aH03,S09aH08,S10aH04,S12aH06,S13aH06,S14aH09,S14aH11,S01aH05,S01aH08,S02aH08,S03aH06,S03aH07,S06aH05,S08aH10,S10aH02,S10aH06,S11aH06,S12aH04,S12aH05,S02aH06,S03aH05,S03aH08,S03aH10,S04aH07,S05aH05,S06aH04,S06aH08,S08aH04,S11aH02,S13aH02,S13aH03 | U11: D | V11: S01aH02,S04aH04,S01aH03,S05aH02,S05aH03,S03aH04,S08aH05,S03aH03,S09aH05,S08aH02,S04aH03,S07aH04,S08aH03,S09aH04,S02aH04,S02aH05,S02aH03,S07aH03,S01aH04,S07aH02,S04aH02,S09aH02,S09aH03,S04aH05,S02aH02,S03aH02,S07aH05,S01aH05,S06aH05,S03aH05,S05aH05,S06aH04,S08aH04,S05aH04,S06aH02,S06aH03 | X11: D | Y11: S02aH04,S02aH05,S04aH02,S09aH02,S09aH03,S08aH02,S01aH04,S07aH02,S04aH03,S07aH04,S08aH03,S09aH04,S02aH03,S07aH03,S01aH02,S04aH04,S03aH05,S05aH05,S06aH04,S08aH04,S02aH02,S03aH03,S09aH05,S05aH04,S06aH02,S06aH03,S04aH05,S03aH04,S08aH05,S01aH03,S05aH02,S05aH03,S03aH02,S07aH05,S01aH05,S06aH05 | AA11: D | AB11: AllSaAllH | AD11: D | AE11: FaP,SaP,RaD,WaP,SaD,RaP,WaD,FaD
C12: N | D12: S02aH01,S03aH01,S01aH01,S04aH01 | F12: N | G12: S01aH01,S04aH01,S04aH06,S02aH01,S03aH01,S01aH06,S02aH06,S03aH06 | I12: N | J12: S03aH01,S01aH01,S04aH01,S04aH06,S06aH01,S02aH01,S05aH06,S02aH06,S01aH06,S05aH01,S03aH06,S06aH06 | L12: N | M12: S01aH01,S04aH01,S05aH08,S03aH01,S01aH08,S02aH08,S03aH08,S06aH08,S02aH01,S04aH08,S06aH01,S05aH01 | O12: N | P12: S08aH01,S02aH01,S04aH12,S06aH12,S01aH01,S02aH12,S04aH01,S06aH01,S07aH12,S03aH01,S08aH12,S03aH12,S05aH01,S05aH12,S09aH01,S01aH12,S07aH01,S09aH12 | R12: N | S12: S02aH01,S05aH01,S05aH12,S01aH01,S02aH12,S04aH01,S11aH01,S06aH01,S07aH12,S14aH01,S09aH01,S13aH01,S09aH12,S08aH01,S10aH01,S06aH12,S12aH01,S04aH12,S10aH12,S11aH12,S03aH12,S03aH01,S08aH12,S12aH12,S01aH12,S07aH01,S13aH12,S14aH12 | U12: N | V12: S03aH06,S09aH01,S05aH01,S07aH06,S06aH06,S06aH01,S02aH01,S05aH06,S02aH06,S01aH01,S04aH01,S04aH06,S08aH01,S09aH06,S03aH01,S01aH06,S07aH01,S08aH06 | X12: N | Y12: S02aH06,S06aH01,S08aH01,S02aH01,S05aH06,S01aH01,S04aH01,S04aH06,S03aH06,S03aH01,S06aH06,S01aH06,S07aH01,S08aH06,S09aH06,S05aH01,S07aH06,S09aH01 | AA12: N | AB12: AllSaAllH | AD12: N | AE12: RaN,FaP,SaP,FaN,SaN,WaN,RaP,WaP
I17: 0.75 | K17: share of charging at night
C18: ~UC_Sets: R_E: AllRegions
H21: =IF(H23=H24,"Not Required!","~UC_T: LO") -> Not Required!
C22: UC_N | D22: Pset_CI | E22: Pset_CO | F22: pset_pn | G22: Cset_CN | H22: TimeSlice | I22: UC_FLO | J22: UC_RHSRT | K22: UC_RHSRT~0
C23: UC_bev night chg limit | D23: ELC | E23: =G23 -> AuxStoIN | F23: *EV* | G23: AuxStoIN | H23: =HLOOKUP($A$10,$D$10:$CU$12,3,FALSE) -> AllSaAllH | I23: =1+I24 -> 0.25 | J23: 0 | K23: 3 | M23: night
D24: ELC | E24: =G24 -> AuxStoIN | F24: *EV* | G24: AuxStoIN | H24: =HLOOKUP($A$10,$D$10:$CU$12,2,FALSE) -> AllSaAllH | I24: =-$I$17 -> -0.75 | M24: day

Sheet ts_012
C9: =IF(A11="x","DeActivated","~TimeSlices") -> DeActivated | I9: =IF(A11="x","DeActivated","~TFM_DINS-AT") -> DeActivated | N9: =IF(A11="x","DeActivated","~TFM_DINS-AT") -> DeActivated | S9: =IF(A11="x","DeActivated","~TFM_DINS-AT") -> DeActivated | X9: =IF(A11="x","DeActivated","~TFM_DINS-AT") -> DeActivated | AC9: =IF(A11="x","DeActivated","~TFM_DINS-AT") -> DeActivated | AG9: =IF(A11="x","DeActivated","~TFM_DINS-AT") -> DeActivated | AK9: =IF(A11="x","DeActivated","~TFM_INS-AT") -> DeActivated
A10: ts_012 | C10: season | D10: weekly | E10: daynite | F10: wparent | G10: dparent | I10: commodity | J10: timeslice | K10: com_fr | L10: process | N10: commodity | O10: timeslice | P10: com_fr | Q10: process | S10: commodity | T10: timeslice | U10: com_fr | V10: process | X10: g_yrfr | Y10: com_fr | Z10: timeslice | AA10: commodity | AC10: commodity | AD10: timeslice | AE10: com_fr | AG10: commodity | AH10: timeslice | AI10: com_pkflx | AK10: Year | AL10: timeslice | AM10: ncap_afs | AN10: pset_ci
A11: =IFERROR(IF(Veda!D5=A10,"ok","x"),"") -> x | C11: S01 | D11: a | E11: H01 | F11: S01,S02,S03,S04 | G11: a | I11: elc_spv_MYS_001 | J11: S01aH01 | K11: 0.0063895928 | L11: IMPNRGZ | N11: elc_won_MYS_001 | O11: S01aH01 | P11: 0.11007058 | Q11: IMPNRGZ | S11: elc_wof_MYS_001 | T11: S01aH01 | U11: 0.13323642 | V11: IMPNRGZ | X11: 0.12146119 | Y11: 0.047967249 | Z11: S01aH01 | AA11: elc_roadtransport | AC11: elc_buildings | AD11: S01aH01 | AE11: 0.087407209 | AG11: ELC | AH11: S01aH01 | AI11: 0.21018272
C12: S02 | E12: H02 | G12: a | I12: elc_spv_MYS_001 | J12: S01aH02 | K12: 0.059375881 | L12: IMPNRGZ | N12: elc_won_MYS_001 | O12: S01aH02 | P12: 0.024357346 | Q12: IMPNRGZ | S12: elc_wof_MYS_001 | T12: S01aH02 | U12: 0.038795362 | V12: IMPNRGZ | X12: 0.034703196 | Y12: 0.051141553 | Z12: S01aH02 | AA12: elc_roadtransport | AC12: elc_buildings | AD12: S01aH02 | AE12: 0.032869916 | AG12: ELC | AH12: S01aH02 | AI12: 0.16673179
C13: S03 | E13: H03 | G13: a | I13: elc_spv_MYS_001 | J13: S01aH03 | K13: 0.37825169 | L13: IMPNRGZ | N13: elc_won_MYS_001 | O13: S01aH03 | P13: 0.27330436 | Q13: IMPNRGZ | S13: elc_wof_MYS_001 | T13: S01aH03 | U13: 0.27749195 | V13: IMPNRGZ | X13: 0.26027397 | Y13: 0.31732955 | Z13: S01aH03 | AA13: elc_roadtransport | AC13: elc_buildings | AD13: S01aH03 | AE13: 0.32371612 | AG13: ELC | AH13: S01aH03 | AI13: 0.19900707
C14: S04 | I14: elc_spv_MYS_001 | J14: S02aH01 | K14: 0.0035484569 | L14: IMPNRGZ | N14: elc_won_MYS_001 | O14: S02aH01 | P14: 0.015064882 | Q14: IMPNRGZ | S14: elc_wof_MYS_001 | T14: S02aH01 | U14: 0.014762329 | V14: IMPNRGZ | X14: 0.033561644 | Y14: 0.013254108 | Z14: S02aH01 | AA14: elc_roadtransport | AC14: elc_buildings | AD14: S02aH01 | AE14: 0.028517764 | AG14: ELC | AH14: S02aH01 | AI14: 0.17572768
I15: elc_spv_MYS_001 | J15: S02aH02 | K15: 0.015700094 | L15: IMPNRGZ | N15: elc_won_MYS_001 | O15: S02aH02 | P15: 0.0030521094 | Q15: IMPNRGZ | S15: elc_wof_MYS_001 | T15: S02aH02 | U15: 0.0039560928 | V15: IMPNRGZ | X15: 0.0095890411 | Y15: 0.014131218 | Z15: S02aH02 | AA15: elc_roadtransport | AC15: elc_buildings | AD15: S02aH02 | AE15: 0.010088851 | AG15: ELC | AH15: S02aH02 | AI15: 0.14656506
I16: elc_spv_MYS_001 | J16: S02aH03 | K16: 0.097981595 | L16: IMPNRGZ | N16: elc_won_MYS_001 | O16: S02aH03 | P16: 0.041977395 | Q16: IMPNRGZ | S16: elc_wof_MYS_001 | T16: S02aH03 | U16: 0.027999284 | V16: IMPNRGZ | X16: 0.071917808 | Y16: 0.087683166 | Z16: S02aH03 | AA16: elc_roadtransport | AC16: elc_buildings | AD16: S02aH03 | AE16: 0.10477952 | AG16: ELC | AH16: S02aH03 | AI16: 0.13496299
I17: elc_spv_MYS_001 | J17: S03aH01 | K17: 0.0069525799 | L17: IMPNRGZ | N17: elc_won_MYS_001 | O17: S03aH01 | P17: 0.10121408 | Q17: IMPNRGZ | S17: elc_wof_MYS_001 | T17: S03aH01 | U17: 0.063171178 | V17: IMPNRGZ | X17: 0.072716895 | Y17: 0.028717235 | Z17: S03aH01 | AA17: elc_roadtransport | AC17: elc_buildings | AD17: S03aH01 | AE17: 0.045585334 | AG17: ELC | AH17: S03aH01 | AI17: 0.14870507
I18: elc_spv_MYS_001 | J18: S03aH02 | K18: 0.033566219 | L18: IMPNRGZ | N18: elc_won_MYS_001 | O18: S03aH02 | P18: 0.021539302 | Q18: IMPNRGZ | S18: elc_wof_MYS_001 | T18: S03aH02 | U18: 0.018234256 | V18: IMPNRGZ | X18: 0.020776256 | Y18: 0.03061764 | Z18: S03aH02 | AA18: elc_roadtransport | AC18: elc_buildings | AD18: S03aH02 | AE18: 0.018556489 | AG18: ELC | AH18: S03aH02 | AI18: 0.14575489
I19: elc_spv_MYS_001 | J19: S03aH03 | K19: 0.20698902 | L19: IMPNRGZ | N19: elc_won_MYS_001 | O19: S03aH03 | P19: 0.24265475 | Q19: IMPNRGZ | S19: elc_wof_MYS_001 | T19: S03aH03 | U19: 0.1431622 | V19: IMPNRGZ | X19: 0.15582192 | Y19: 0.18998019 | Z19: S03aH03 | AA19: elc_roadtransport | AC19: elc_buildings | AD19: S03aH03 | AE19: 0.17359532 | AG19: ELC | AH19: S03aH03 | AI19: 0.2131869
I20: elc_spv_MYS_001 | J20: S04aH01 | K20: 0.0050769318 | L20: IMPNRGZ | N20: elc_won_MYS_001 | O20: S04aH01 | P20: 0.044948885 | Q20: IMPNRGZ | S20: elc_wof_MYS_001 | T20: S04aH01 | U20: 0.079026292 | V20: IMPNRGZ | X20: 0.063926941 | Y20: 0.025245921 | Z20: S04aH01 | AA20: elc_roadtransport | AC20: elc_buildings | AD20: S04aH01 | AE20: 0.035695569 | AG20: ELC | AH20: S04aH01 | AI20: 0.097103508
I21: elc_spv_MYS_001 | J21: S04aH02 | K21: 0.028183635 | L21: IMPNRGZ | N21: elc_won_MYS_001 | O21: S04aH02 | P21: 0.010999264 | Q21: IMPNRGZ | S21: elc_wof_MYS_001 | T21: S04aH02 | U21: 0.022351173 | V21: IMPNRGZ | X21: 0.01826484 | Y21: 0.026916607 | Z21: S04aH02 | AA21: elc_roadtransport | AC21: elc_buildings | AD21: S04aH02 | AE21: 0.01516302 | AG21: ELC | AH21: S04aH02 | AI21: 0.1129344
I22: elc_spv_MYS_001 | J22: S04aH03 | K22: 0.15798431 | L22: IMPNRGZ | N22: elc_won_MYS_001 | O22: S04aH03 | P22: 0.11081704 | Q22: IMPNRGZ | S22: elc_wof_MYS_001 | T22: S04aH03 | U22: 0.17781346 | V22: IMPNRGZ | X22: 0.1369863 | Y22: 0.16701555 | Z22: S04aH03 | AA22: elc_roadtransport | AC22: elc_buildings | AD22: S04aH03 | AE22: 0.12402489 | AG22: ELC | AH22: S04aH03 | AI22: 0.16181883
I23: elc_spv_MYS_002 | J23: S01aH01 | K23: 0.007047455 | L23: IMPNRGZ | N23: elc_won_MYS_002 | O23: S01aH01 | P23: 0.098260043 | Q23: IMPNRGZ | S23: elc_wof_MYS_002 | T23: S01aH01 | U23: 0.12793864 | V23: IMPNRGZ | AC23: elc_industry | AD23: S01aH01 | AE23: 0.11927246
I24: elc_spv_MYS_002 | J24: S01aH02 | K24: 0.064420252 | L24: IMPNRGZ | N24: elc_won_MYS_002 | O24: S01aH02 | P24: 0.024854052 | Q24: IMPNRGZ | S24: elc_wof_MYS_002 | T24: S01aH02 | U24: 0.039111974 | V24: IMPNRGZ | AC24: elc_industry | AD24: S01aH02 | AE24: 0.034494965
I25: elc_spv_MYS_002 | J25: S01aH03 | K25: 0.37793866 | L25: IMPNRGZ | N25: elc_won_MYS_002 | O25: S01aH03 | P25: 0.28658795 | Q25: IMPNRGZ | S25: elc_wof_MYS_002 | T25: S01aH03 | U25: 0.29209569 | V25: IMPNRGZ | AC25: elc_industry | AD25: S01aH03 | AE25: 0.26278982
I26: elc_spv_MYS_002 | J26: S02aH01 | K26: 0.0032335946 | L26: IMPNRGZ | N26: elc_won_MYS_002 | O26: S02aH01 | P26: 0.017182978 | Q26: IMPNRGZ | S26: elc_wof_MYS_002 | T26: S02aH01 | U26: 0.0076548177 | V26: IMPNRGZ | AC26: elc_industry | AD26: S02aH01 | AE26: 0.032905701
I27: elc_spv_MYS_002 | J27: S02aH02 | K27: 0.014021375 | L27: IMPNRGZ | N27: elc_won_MYS_002 | O27: S02aH02 | P27: 0.0057715859 | Q27: IMPNRGZ | S27: elc_wof_MYS_002 | T27: S02aH02 | U27: 0.0023379913 | V27: IMPNRGZ | AC27: elc_industry | AD27: S02aH02 | AE27: 0.0095041559
I28: elc_spv_MYS_002 | J28: S02aH03 | K28: 0.091501711 | L28: IMPNRGZ | N28: elc_won_MYS_002 | O28: S02aH03 | P28: 0.044649266 | Q28: IMPNRGZ | S28: elc_wof_MYS_002 | T28: S02aH03 | U28: 0.015145492 | V28: IMPNRGZ | AC28: elc_industry | AD28: S02aH03 | AE28: 0.072819041
I29: elc_spv_MYS_002 | J29: S03aH01 | K29: 0.0070091864 | L29: IMPNRGZ | N29: elc_won_MYS_002 | O29: S03aH01 | P29: 0.10130962 | Q29: IMPNRGZ | S29: elc_wof_MYS_002 | T29: S03aH01 | U29: 0.05012262 | V29: IMPNRGZ | AC29: elc_industry | AD29: S03aH01 | AE29: 0.071448323
I30: elc_spv_MYS_002 | J30: S03aH02 | K30: 0.034002242 | L30: IMPNRGZ | N30: elc_won_MYS_002 | O30: S03aH02 | P30: 0.030959452 | Q30: IMPNRGZ | S30: elc_wof_MYS_002 | T30: S03aH02 | U30: 0.017181191 | V30: IMPNRGZ | AC30: elc_industry | AD30: S03aH02 | AE30: 0.020706035
I31: elc_spv_MYS_002 | J31: S03aH03 | K31: 0.20855885 | L31: IMPNRGZ | N31: elc_won_MYS_002 | O31: S03aH03 | P31: 0.22762129 | Q31: IMPNRGZ | S31: elc_wof_MYS_002 | T31: S03aH03 | U31: 0.10841247 | V31: IMPNRGZ | AC31: elc_industry | AD31: S03aH03 | AE31: 0.15711355
I32: elc_spv_MYS_002 | J32: S04aH01 | K32: 0.0042678985 | L32: IMPNRGZ | N32: elc_won_MYS_002 | O32: S04aH01 | P32: 0.043629815 | Q32: IMPNRGZ | S32: elc_wof_MYS_002 | T32: S04aH01 | U32: 0.095020052 | V32: IMPNRGZ | AC32: elc_industry | AD32: S04aH01 | AE32: 0.063050391
I33: elc_spv_MYS_002 | J33: S04aH02 | K33: 0.028973332 | L33: IMPNRGZ | N33: elc_won_MYS_002 | O33: S04aH02 | P33: 0.010727788 | Q33: IMPNRGZ | S33: elc_wof_MYS_002 | T33: S04aH02 | U33: 0.027677483 | V33: IMPNRGZ | AC33: elc_industry | AD33: S04aH02 | AE33: 0.018276631
I34: elc_spv_MYS_002 | J34: S04aH03 | K34: 0.15902544 | L34: IMPNRGZ | N34: elc_won_MYS_002 | O34: S04aH03 | P34: 0.10844616 | Q34: IMPNRGZ | S34: elc_wof_MYS_002 | T34: S04aH03 | U34: 0.21730157 | V34: IMPNRGZ | AC34: elc_industry | AD34: S04aH03 | AE34: 0.13761894
I35: elc_spv_MYS_003 | J35: S01aH01 | K35: 0.0071436917 | L35: IMPNRGZ | N35: elc_won_MYS_003 | O35: S01aH01 | P35: 0.087573766 | Q35: IMPNRGZ | S35: elc_wof_MYS_003 | T35: S01aH01 | U35: 0.12190068 | V35: IMPNRGZ
I36: elc_spv_MYS_003 | J36: S01aH02 | K36: 0.06457837 | L36: IMPNRGZ | N36: elc_won_MYS_003 | O36: S01aH02 | P36: 0.020044744 | Q36: IMPNRGZ | S36: elc_wof_MYS_003 | T36: S01aH02 | U36: 0.039033577 | V36: IMPNRGZ
I37: elc_spv_MYS_003 | J37: S01aH03 | K37: 0.36776587 | L37: IMPNRGZ | N37: elc_won_MYS_003 | O37: S01aH03 | P37: 0.24291873 | Q37: IMPNRGZ | S37: elc_wof_MYS_003 | T37: S01aH03 | U37: 0.28717807 | V37: IMPNRGZ
I38: elc_spv_MYS_003 | J38: S02aH01 | K38: 0.0034305476 | L38: IMPNRGZ | N38: elc_won_MYS_003 | O38: S02aH01 | P38: 0.015766308 | Q38: IMPNRGZ | S38: elc_wof_MYS_003 | T38: S02aH01 | U38: 0.011992045 | V38: IMPNRGZ
I39: elc_spv_MYS_003 | J39: S02aH02 | K39: 0.015545923 | L39: IMPNRGZ | N39: elc_won_MYS_003 | O39: S02aH02 | P39: 0.0045785105 | Q39: IMPNRGZ | S39: elc_wof_MYS_003 | T39: S02aH02 | U39: 0.0033536524 | V39: IMPNRGZ
I40: elc_spv_MYS_003 | J40: S02aH03 | K40: 0.095290278 | L40: IMPNRGZ | N40: elc_won_MYS_003 | O40: S02aH03 | P40: 0.05086284 | Q40: IMPNRGZ | S40: elc_wof_MYS_003 | T40: S02aH03 | U40: 0.02286934 | V40: IMPNRGZ
I41: elc_spv_MYS_003 | J41: S03aH01 | K41: 0.0080691462 | L41: IMPNRGZ | N41: elc_won_MYS_003 | O41: S03aH01 | P41: 0.11215147 | Q41: IMPNRGZ | S41: elc_wof_MYS_003 | T41: S03aH01 | U41: 0.054670433 | V41: IMPNRGZ
I42: elc_spv_MYS_003 | J42: S03aH02 | K42: 0.036407196 | L42: IMPNRGZ | N42: elc_won_MYS_003 | O42: S03aH02 | P42: 0.030540962 | Q42: IMPNRGZ | S42: elc_wof_MYS_003 | T42: S03aH02 | U42: 0.017110875 | V42: IMPNRGZ
I43: elc_spv_MYS_003 | J43: S03aH03 | K43: 0.20878156 | L43: IMPNRGZ | N43: elc_won_MYS_003 | O43: S03aH03 | P43: 0.27259715 | Q43: IMPNRGZ | S43: elc_wof_MYS_003 | T43: S03aH03 | U43: 0.1076084 | V43: IMPNRGZ
I44: elc_spv_MYS_003 | J44: S04aH01 | K44: 0.0055734324 | L44: IMPNRGZ | N44: elc_won_MYS_003 | O44: S04aH01 | P44: 0.045052594 | Q44: IMPNRGZ | S44: elc_wof_MYS_003 | T44: S04aH01 | U44: 0.092475692 | V44: IMPNRGZ
I45: elc_spv_MYS_003 | J45: S04aH02 | K45: 0.031061799 | L45: IMPNRGZ | N45: elc_won_MYS_003 | O45: S04aH02 | P45: 0.011057784 | Q45: IMPNRGZ | S45: elc_wof_MYS_003 | T45: S04aH02 | U45: 0.027124838 | V45: IMPNRGZ
I46: elc_spv_MYS_003 | J46: S04aH03 | K46: 0.15635219 | L46: IMPNRGZ | N46: elc_won_MYS_003 | O46: S04aH03 | P46: 0.10685513 | Q46: IMPNRGZ | S46: elc_wof_MYS_003 | T46: S04aH03 | U46: 0.2146824 | V46: IMPNRGZ
... I130: elc_spv_MYS_010 | J130: S04aH03 | K130: 0.1868431 | L130: IMPNRGZ | N130: elc_won_MYS_010 | O130: S04aH03 | P130: 0.21877503 | Q130: IMPNRGZ | S130: elc_wof_MYS_010 | T130: S04aH03 | U130: 0.12392085 | V130: IMPNRGZ
I131: elc_spv_MYS_011 | J131: S01aH01 | K131: 0.0039083554 | L131: IMPNRGZ
I132: elc_spv_MYS_011 | J132: S01aH02 | K132: 0.047893127 | L132: IMPNRGZ
I133: elc_spv_MYS_011 | J133: S01aH03 | K133: 0.3612883 | L133: IMPNRGZ
I134: elc_spv_MYS_011 | J134: S02aH01 | K134: 0.0023186029 | L134: IMPNRGZ
I135: elc_spv_MYS_011 | J135: S02aH02 | K135: 0.013904926 | L135: IMPNRGZ
I136: elc_spv_MYS_011 | J136: S02aH03 | K136: 0.10105606 | L136: IMPNRGZ
I137: elc_spv_MYS_011 | J137: S03aH01 | K137: 0.0050597598 | L137: IMPNRGZ
I138: elc_spv_MYS_011 | J138: S03aH02 | K138: 0.029257244 | L138: IMPNRGZ
I139: elc_spv_MYS_011 | J139: S03aH03 | K139: 0.21912594 | L139: IMPNRGZ
I140: elc_spv_MYS_011 | J140: S04aH01 | K140: 0.0043342874 | L140: IMPNRGZ
I141: elc_spv_MYS_011 | J141: S04aH02 | K141: 0.028103387 | L141: IMPNRGZ
I142: elc_spv_MYS_011 | J142: S04aH03 | K142: 0.18375001 | L142: IMPNRGZ
... I298: elc_spv_MYS_024 | J298: S04aH03 | K298: 0.16736084 | L298: IMPNRGZ

Sheet ts_024
C9: =IF(A11="x","DeActivated","~TimeSlices") -> DeActivated | I9: =IF(A11="x","DeActivated","~TFM_DINS-AT") -> DeActivated | N9: =IF(A11="x","DeActivated","~TFM_DINS-AT") -> DeActivated | S9: =IF(A11="x","DeActivated","~TFM_DINS-AT") -> DeActivated | X9: =IF(A11="x","DeActivated","~TFM_DINS-AT") -> DeActivated | AC9: =IF(A11="x","DeActivated","~TFM_DINS-AT") -> DeActivated | AG9: =IF(A11="x","DeActivated","~TFM_DINS-AT") -> DeActivated | AK9: =IF(A11="x","DeActivated","~TFM_INS-AT") -> DeActivated
A10: ts_024 | C10: season | D10: weekly | E10: daynite | F10: wparent | G10: dparent | I10: commodity | J10: timeslice | K10: com_fr | L10: process | N10: commodity | O10: timeslice | P10: com_fr | Q10: process | S10: commodity | T10: timeslice | U10: com_fr | V10: process | X10: g_yrfr | Y10: com_fr | Z10: timeslice | AA10: commodity | AC10: commodity | AD10: timeslice | AE10: com_fr | AG10: commodity | AH10: timeslice | AI10: com_pkflx | AK10: Year | AL10: timeslice | AM10: ncap_afs | AN10: pset_ci
A11: =IFERROR(IF(Veda!D5=A10,"ok","x"),"") -> x | C11: S01 | D11: a | E11: H01 | F11: S01,S02,S03,S04 | G11: a | I11: elc_spv_MYS_001 | J11: S01aH01 | K11: 0.0063895928 | L11: IMPNRGZ | N11: elc_won_MYS_001 | O11: S01aH01 | P11: 0.11007058 | Q11: IMPNRGZ | S11: elc_wof_MYS_001 | T11: S01aH01 | U11: 0.13323642 | V11: IMPNRGZ | X11: 0.12146119 | Y11: 0.047967249 | Z11: S01aH01 | AA11: elc_roadtransport | AC11: elc_buildings | AD11: S01aH01 | AE11: 0.087407209 | AG11: ELC | AH11: S01aH01 | AI11: 0.21018272
C12: S02 | E12: H02 | G12: a | I12: elc_spv_MYS_001 | J12: S01aH02 | K12: 0.059375881 | L12: IMPNRGZ | N12: elc_won_MYS_001 | O12: S01aH02 | P12: 0.024357346 | Q12: IMPNRGZ | S12: elc_wof_MYS_001 | T12: S01aH02 | U12: 0.038795362 | V12: IMPNRGZ | X12: 0.034703196 | Y12: 0.051141553 | Z12: S01aH02 | AA12: elc_roadtransport | AC12: elc_buildings | AD12: S01aH02 | AE12: 0.032869916 | AG12: ELC | AH12: S01aH02 | AI12: 0.16673179
C13: S03 | E13: H03 | G13: a | I13: elc_spv_MYS_001 | J13: S01aH03 | K13: 0.045174628 | L13: IMPNRGZ | N13: elc_won_MYS_001 | O13: S01aH03 | P13: 0.013781327 | Q13: IMPNRGZ | S13: elc_wof_MYS_001 | T13: S01aH03 | U13: 0.019805003 | V13: IMPNRGZ | X13: 0.017351598 | Y13: 0.021968194 | Z13: S01aH03 | AA13: elc_roadtransport | AC13: elc_buildings | AD13: S01aH03 | AE13: 0.019011407 | AG13: ELC | AH13: S01aH03 | AI13: 0.11508777
C14: S04 | E14: H04 | G14: a | I14: elc_spv_MYS_001 | J14: S01aH04 | K14: 0.21085166 | L14: IMPNRGZ | N14: elc_won_MYS_001 | O14: S01aH04 | P14: 0.065844083 | Q14: IMPNRGZ | S14: elc_wof_MYS_001 | T14: S01aH04 | U14: 0.074167189 | V14: IMPNRGZ | X14: 0.069406393 | Y14: 0.087066604 | Z14: S01aH04 | AA14: elc_roadtransport | AC14: elc_buildings | AD14: S01aH04 | AE14: 0.087274611 | AG14: ELC | AH14: S01aH04 | AI14: 0.18741225
E15: H05 | G15: a | I15: elc_spv_MYS_001 | J15: S01aH05 | K15: 0.1222254 | L15: IMPNRGZ | N15: elc_won_MYS_001 | O15: S01aH05 | P15: 0.082180457 | Q15: IMPNRGZ | S15: elc_wof_MYS_001 | T15: S01aH05 | U15: 0.066706571 | V15: IMPNRGZ | X15: 0.069406393 | Y15: 0.11659266 | Z15: S01aH05 | AA15: elc_roadtransport | AC15: elc_buildings | AD15: S01aH05 | AE15: 0.089371754 | AG15: ELC | AH15: S01aH05 | AI15: 0.17483247
E16: H06 | G16: a | I16: elc_spv_MYS_001 | J16: S01aH06 | K16: 0 | L16: IMPNRGZ | N16: elc_won_MYS_001 | O16: S01aH06 | P16: 0.1114985 | Q16: IMPNRGZ | S16: elc_wof_MYS_001 | T16: S01aH06 | U16: 0.11681318 | V16: IMPNRGZ | X16: 0.10410959 | Y16: 0.091702094 | Z16: S01aH06 | AA16: elc_roadtransport | AC16: elc_buildings | AD16: S01aH06 | AE16: 0.12805835 | AG16: ELC | AH16: S01aH06 | AI16: 0.17346137
I17: elc_spv_MYS_001 | J17: S02aH01 | K17: 0.0035484569 | L17: IMPNRGZ | N17: elc_won_MYS_001 | O17: S02aH01 | P17: 0.015064882 | Q17: IMPNRGZ | S17: elc_wof_MYS_001 | T17: S02aH01 | U17: 0.014762329 | V17: IMPNRGZ | X17: 0.033561644 | Y17: 0.013254108 | Z17: S02aH01 | AA17: elc_roadtransport | AC17: elc_buildings | AD17: S02aH01 | AE17: 0.028517764 | AG17: ELC | AH17: S02aH01 | AI17: 0.17572768
I18: elc_spv_MYS_001 | J18: S02aH02 | K18: 0.015700094 | L18: IMPNRGZ | N18: elc_won_MYS_001 | O18: S02aH02 | P18: 0.0030521094 | Q18: IMPNRGZ | S18: elc_wof_MYS_001 | T18: S02aH02 | U18: 0.0039560928 | V18: IMPNRGZ | X18: 0.0095890411 | Y18: 0.014131218 | Z18: S02aH02 | AA18: elc_roadtransport | AC18: elc_buildings | AD18: S02aH02 | AE18: 0.010088851 | AG18: ELC | AH18: S02aH02 | AI18: 0.14656506
I19: elc_spv_MYS_001 | J19: S02aH03 | K19: 0.011421992 | L19: IMPNRGZ | N19: elc_won_MYS_001 | O19: S02aH03 | P19: 0.0014419981 | Q19: IMPNRGZ | S19: elc_wof_MYS_001 | T19: S02aH03 | U19: 0.0019055582 | V19: IMPNRGZ | X19: 0.0047945205 | Y19: 0.0060701589 | Z19: S02aH03 | AA19: elc_roadtransport | AC19: elc_buildings | AD19: S02aH03 | AE19: 0.0060943128 | AG19: ELC | AH19: S02aH03 | AI19: 0.080144397
I20: elc_spv_MYS_001 | J20: S02aH04 | K20: 0.056843261 | L20: IMPNRGZ | N20: elc_won_MYS_001 | O20: S02aH04 | P20: 0.0058214158 | Q20: IMPNRGZ | S20: elc_wof_MYS_001 | T20: S02aH04 | U20: 0.0082521605 | V20: IMPNRGZ | X20: 0.019178082 | Y20: 0.024057877 | Z20: S02aH04 | AA20: elc_roadtransport | AC20: elc_buildings | AD20: S02aH04 | AE20: 0.028429528 | AG20: ELC | AH20: S02aH04 | AI20: 0.1170154
I21: elc_spv_MYS_001 | J21: S02aH05 | K21: 0.029716341 | L21: IMPNRGZ | N21: elc_won_MYS_001 | O21: S02aH05 | P21: 0.013623621 | Q21: IMPNRGZ | S21: elc_wof_MYS_001 | T21: S02aH05 | U21: 0.00834321 | V21: IMPNRGZ | X21: 0.019178082 | Y21: 0.032216394 | Z21: S02aH05 | AA21: elc_roadtransport | AC21: elc_buildings | AD21: S02aH05 | AE21: 0.029359684 | AG21: ELC | AH21: S02aH05 | AI21: 0.10017446
I22: elc_spv_MYS_001 | J22: S02aH06 | K22: 0 | L22: IMPNRGZ | N22: elc_won_MYS_001 | O22: S02aH06 | P22: 0.02109036 | Q22: IMPNRGZ | S22: elc_wof_MYS_001 | T22: S02aH06 | U22: 0.0094983555 | V22: IMPNRGZ | X22: 0.028767123 | Y22: 0.025338737 | Z22: S02aH06 | AA22: elc_roadtransport | AC22: elc_buildings | AD22: S02aH06 | AE22: 0.040895992 | AG22: ELC | AH22: S02aH06 | AI22: 0.12286431
I23: elc_spv_MYS_001 | J23: S03aH01 | K23: 0.0069525799 | L23: IMPNRGZ | N23: elc_won_MYS_001 | O23: S03aH01 | P23: 0.10121408 | Q23: IMPNRGZ | S23: elc_wof_MYS_001 | T23: S03aH01 | U23: 0.063171178 | V23: IMPNRGZ | X23: 0.072716895 | Y23: 0.028717235 | Z23: S03aH01 | AA23: elc_roadtransport | AC23: elc_buildings | AD23: S03aH01 | AE23: 0.045585334 | AG23: ELC | AH23: S03aH01 | AI23: 0.14870507
I24: elc_spv_MYS_001 | J24: S03aH02 | K24: 0.033566219 | L24: IMPNRGZ | N24: elc_won_MYS_001 | O24: S03aH02 | P24: 0.021539302 | Q24: IMPNRGZ | S24: elc_wof_MYS_001 | T24: S03aH02 | U24: 0.018234256 | V24: IMPNRGZ | X24: 0.020776256 | Y24: 0.03061764 | Z24: S03aH02 | AA24: elc_roadtransport | AC24: elc_buildings | AD24: S03aH02 | AE24: 0.018556489 | AG24: ELC | AH24: S03aH02 | AI24: 0.14575489
I25: elc_spv_MYS_001 | J25: S03aH03 | K25: 0.02476856 | L25: IMPNRGZ | N25: elc_won_MYS_001 | O25: S03aH03 | P25: 0.010019747 | Q25: IMPNRGZ | S25: elc_wof_MYS_001 | T25: S03aH03 | U25: 0.0090518446 | V25: IMPNRGZ | X25: 0.010388128 | Y25: 0.013152011 | Z25: S03aH03 | AA25: elc_roadtransport | AC25: elc_buildings | AD25: S03aH03 | AE25: 0.010408796 | AG25: ELC | AH25: S03aH03 | AI25: 0.15229378
I26: elc_spv_MYS_001 | J26: S03aH04 | K26: 0.11692927 | L26: IMPNRGZ | N26: elc_won_MYS_001 | O26: S03aH04 | P26: 0.048116465 | Q26: IMPNRGZ | S26: elc_wof_MYS_001 | T26: S03aH04 | U26: 0.040829435 | V26: IMPNRGZ | X26: 0.041552511 | Y26: 0.052125401 | Z26: S03aH04 | AA26: elc_roadtransport | AC26: elc_buildings | AD26: S03aH04 | AE26: 0.046016662 | AG26: ELC | AH26: S03aH04 | AI26: 0.19640783
I27: elc_spv_MYS_001 | J27: S03aH05 | K27: 0.065291192 | L27: IMPNRGZ | N27: elc_won_MYS_001 | O27: S03aH05 | P27: 0.07276278 | Q27: IMPNRGZ | S27: elc_wof_MYS_001 | T27: S03aH05 | U27: 0.044466251 | V27: IMPNRGZ | X27: 0.041552511 | Y27: 0.069802186 | Z27: S03aH05 | AA27: elc_roadtransport | AC27: elc_buildings | AD27: S03aH05 | AE27: 0.046972758 | AG27: ELC | AH27: S03aH05 | AI27: 0.20337612
I28: elc_spv_MYS_001 | J28: S03aH06 | K28: 0 | L28: IMPNRGZ | N28: elc_won_MYS_001 | O28: S03aH06 | P28: 0.11175576 | Q28: IMPNRGZ | S28: elc_wof_MYS_001 | T28: S03aH06 | U28: 0.048814673 | V28: IMPNRGZ | X28: 0.062328767 | Y28: 0.054900596 | Z28: S03aH06 | AA28: elc_roadtransport | AC28: elc_buildings | AD28: S03aH06 | AE28: 0.070197102 | AG28: ELC | AH28: S03aH06 | AI28: 0.18849938
... I34: elc_spv_MYS_001 | J34: S04aH06 | K34: 0 | L34: IMPNRGZ | N34: elc_won_MYS_001 | O34: S04aH06 | P34: 0.045428406 | Q34: IMPNRGZ | S34: elc_wof_MYS_001 | T34: S04aH06 | U34: 0.074611424 | V34: IMPNRGZ | X34: 0.054794521 | Y34: 0.04826426 | Z34: S04aH06 | AA34: elc_roadtransport | AC34: elc_buildings | AD34: S04aH06 | AE34: 0.051174968 | AG34: ELC | AH34: S04aH06 | AI34: 0.14374606
I35: elc_spv_MYS_002 | J35: S01aH01 | K35: 0.007047455 | L35: IMPNRGZ | N35: elc_won_MYS_002 | O35: S01aH01 | P35: 0.098260043 | Q35: IMPNRGZ | S35: elc_wof_MYS_002 | T35: S01aH01 | U35: 0.12793864 | V35: IMPNRGZ | AC35: elc_industry | AD35: S01aH01 | AE35: 0.11927246
I36: elc_spv_MYS_002 | J36: S01aH02 | K36: 0.064420252 | L36: IMPNRGZ | N36: elc_won_MYS_002 | O36: S01aH02 | P36: 0.024854052 | Q36: IMPNRGZ | S36: elc_wof_MYS_002 | T36: S01aH02 | U36: 0.039111974 | V36: IMPNRGZ | AC36: elc_industry | AD36: S01aH02 | AE36: 0.034494965
I37: elc_spv_MYS_002 | J37: S01aH03 | K37: 0.047160148 | L37: IMPNRGZ | N37: elc_won_MYS_002 | O37: S01aH03 | P37: 0.012986298 | Q37: IMPNRGZ | S37: elc_wof_MYS_002 | T37: S01aH03 | U37: 0.020283269 | V37: IMPNRGZ | AC37: elc_industry | AD37: S01aH03 | AE37: 0.017383581
I38: elc_spv_MYS_002 | J38: S01aH04 | K38: 0.2086963 | L38: IMPNRGZ | N38: elc_won_MYS_002 | O38: S01aH04 | P38: 0.062259816 | Q38: IMPNRGZ | S38: elc_wof_MYS_002 | T38: S01aH04 | U38: 0.080266242 | V38: IMPNRGZ | AC38: elc_industry | AD38: S01aH04 | AE38: 0.070127484
I39: elc_spv_MYS_002 | J39: S01aH05 | K39: 0.12208221 | L39: IMPNRGZ | N39: elc_won_MYS_002 | O39: S01aH05 | P39: 0.082719771 | Q39: IMPNRGZ | S39: elc_wof_MYS_002 | T39: S01aH05 | U39: 0.074538465 | V39: IMPNRGZ | AC39: elc_industry | AD39: S01aH05 | AE39: 0.070238263
I40: elc_spv_MYS_002 | J40: S01aH06 | K40: 0 | L40: IMPNRGZ | N40: elc_won_MYS_002 | O40: S01aH06 | P40: 0.12862207 | Q40: IMPNRGZ | S40: elc_wof_MYS_002 | T40: S01aH06 | U40: 0.11700772 | V40: IMPNRGZ | AC40: elc_industry | AD40: S01aH06 | AE40: 0.10504049
I41: elc_spv_MYS_002 | J41: S02aH01 | K41: 0.0032335946 | L41: IMPNRGZ | N41: elc_won_MYS_002 | O41: S02aH01 | P41: 0.017182978 | Q41: IMPNRGZ | S41: elc_wof_MYS_002 | T41: S02aH01 | U41: 0.0076548177 | V41: IMPNRGZ | AC41: elc_industry | AD41: S02aH01 | AE41: 0.032905701
I42: elc_spv_MYS_002 | J42: S02aH02 | K42: 0.014021375 | L42: IMPNRGZ | N42: elc_won_MYS_002 | O42: S02aH02 | P42: 0.0057715859 | Q42: IMPNRGZ | S42: elc_wof_MYS_002 | T42: S02aH02 | U42: 0.0023379913 | V42: IMPNRGZ | AC42: elc_industry | AD42: S02aH02 | AE42: 0.0095041559
I43: elc_spv_MYS_002 | J43: S02aH03 | K43: 0.010560515 | L43: IMPNRGZ | N43: elc_won_MYS_002 | O43: S02aH03 | P43: 0.0029657551 | Q43: IMPNRGZ | S43: elc_wof_MYS_002 | T43: S02aH03 | U43: 0.0013134634 | V43: IMPNRGZ | AC43: elc_industry | AD43: S02aH03 | AE43: 0.0048075372
I44: elc_spv_MYS_002 | J44: S02aH04 | K44: 0.052056609 | L44: IMPNRGZ | N44: elc_won_MYS_002 | O44: S02aH04 | P44: 0.014885478 | Q44: IMPNRGZ | S44: elc_wof_MYS_002 | T44: S02aH04 | U44: 0.0053294518 | V44: IMPNRGZ | AC44: elc_industry | AD44: S02aH04 | AE44: 0.019444206
I45: elc_spv_MYS_002 | J45: S02aH05 | K45: 0.028668498 | L45: IMPNRGZ | N45: elc_won_MYS_002 | O45: S02aH05 | P45: 0.012923317 | Q45: IMPNRGZ | S45: elc_wof_MYS_002 | T45: S02aH05 | U45: 0.0043281442 | V45: IMPNRGZ | AC45: elc_industry | AD45: S02aH05 | AE45: 0.019493341
I46: elc_spv_MYS_002 | J46: S02aH06 | K46: 0.0002160893 | L46: IMPNRGZ | N46: elc_won_MYS_002 | O46: S02aH06 | P46: 0.013874715 | Q46: IMPNRGZ | S46: elc_wof_MYS_002 | T46: S02aH06 | U46: 0.0041744326 | V46: IMPNRGZ | AC46: elc_industry | AD46: S02aH06 | AE46: 0.029073957
... I58: elc_spv_MYS_002 | J58: S04aH06 | K58: 0 | L58: IMPNRGZ | N58: elc_won_MYS_002 | O58: S04aH06 | P58: 0.048952493 | Q58: IMPNRGZ | S58: elc_wof_MYS_002 | T58: S04aH06 | U58: 0.094878598 | V58: IMPNRGZ | AC58: elc_industry | AD58: S04aH06 | AE58: 0.055130245
I59: elc_spv_MYS_003 | J59: S01aH01 | K59: 0.0071436917 | L59: IMPNRGZ | N59: elc_won_MYS_003 | O59: S01aH01 | P59: 0.087573766 | Q59: IMPNRGZ | S59: elc_wof_MYS_003 | T59: S01aH01 | U59: 0.12190068 | V59: IMPNRGZ
I60: elc_spv_MYS_003 | J60: S01aH02 | K60: 0.06457837 | L60: IMPNRGZ | N60: elc_won_MYS_003 | O60: S01aH02 | P60: 0.020044744 | Q60: IMPNRGZ | S60: elc_wof_MYS_003 | T60: S01aH02 | U60: 0.039033577 | V60: IMPNRGZ
I61: elc_spv_MYS_003 | J61: S01aH03 | K61: 0.048133608 | L61: IMPNRGZ | N61: elc_won_MYS_003 | O61: S01aH03 | P61: 0.01093128 | Q61: IMPNRGZ | S61: elc_wof_MYS_003 | T61: S01aH03 | U61: 0.020681978 | V61: IMPNRGZ
I62: elc_spv_MYS_003 | J62: S01aH04 | K62: 0.2104196 | L62: IMPNRGZ | N62: elc_won_MYS_003 | O62: S01aH04 | P62: 0.056749784 | Q62: IMPNRGZ | S62: elc_wof_MYS_003 | T62: S01aH04 | U62: 0.0817025 | V62: IMPNRGZ
I63: elc_spv_MYS_003 | J63: S01aH05 | K63: 0.10921266 | L63: IMPNRGZ | N63: elc_won_MYS_003 | O63: S01aH05 | P63: 0.074862129 | Q63: IMPNRGZ | S63: elc_wof_MYS_003 | T63: S01aH05 | U63: 0.074618246 | V63: IMPNRGZ
I64: elc_spv_MYS_003 | J64: S01aH06 | K64: 0 | L64: IMPNRGZ | N64: elc_won_MYS_003 | O64: S01aH06 | P64: 0.10037554 | Q64: IMPNRGZ | S64: elc_wof_MYS_003 | T64: S01aH06 | U64: 0.11017535 | V64: IMPNRGZ
I65: elc_spv_MYS_003 | J65: S02aH01 | K65: 0.0034305476 | L65: IMPNRGZ | N65: elc_won_MYS_003 | O65: S02aH01 | P65: 0.015766308 | Q65: IMPNRGZ | S65: elc_wof_MYS_003 | T65: S02aH01 | U65: 0.011992045 | V65: IMPNRGZ
I66: elc_spv_MYS_003 | J66: S02aH02 | K66: 0.015545923 | L66: IMPNRGZ | N66: elc_won_MYS_003 | O66: S02aH02 | P66: 0.0045785105 | Q66: IMPNRGZ | S66: elc_wof_MYS_003 | T66: S02aH02 | U66: 0.0033536524 | V66: IMPNRGZ
I67: elc_spv_MYS_003 | J67: S02aH03 | K67: 0.011628363 | L67: IMPNRGZ | N67: elc_won_MYS_003 | O67: S02aH03 | P67: 0.0022151216 | Q67: IMPNRGZ | S67: elc_wof_MYS_003 | T67: S02aH03 | U67: 0.0017976165 | V67: IMPNRGZ
I68: elc_spv_MYS_003 | J68: S02aH04 | K68: 0.055519269 | L68: IMPNRGZ | N68: elc_won_MYS_003 | O68: S02aH04 | P68: 0.012604593 | Q68: IMPNRGZ | S68: elc_wof_MYS_003 | T68: S02aH04 | U68: 0.0074900733 | V68: IMPNRGZ
I69: elc_spv_MYS_003 | J69: S02aH05 | K69: 0.028141285 | L69: IMPNRGZ | N69: elc_won_MYS_003 | O69: S02aH05 | P69: 0.016517775 | Q69: IMPNRGZ | S69: elc_wof_MYS_003 | T69: S02aH05 | U69: 0.0067501594 | V69: IMPNRGZ
I70: elc_spv_MYS_003 | J70: S02aH06 | K70: 1.3611269e-06 | L70: IMPNRGZ | N70: elc_won_MYS_003 | O70: S02aH06 | P70: 0.01952535 | Q70: IMPNRGZ | S70: elc_wof_MYS_003 | T70: S02aH06 | U70: 0.0068314909 | V70: IMPNRGZ
... I250: elc_spv_MYS_010 | J250: S04aH06 | K250: 0 | L250: IMPNRGZ | N250: elc_won_MYS_010 | O250: S04aH06 | P250: 0.095746917 | Q250: IMPNRGZ | S250: elc_wof_MYS_010 | T250: S04aH06 | U250: 0.05236433 | V250: IMPNRGZ
I251: elc_spv_MYS_011 | J251: S01aH01 | K251: 0.0039083554 | L251: IMPNRGZ
I252: elc_spv_MYS_011 | J252: S01aH02 | K252: 0.047893127 | L252: IMPNRGZ
I253: elc_spv_MYS_011 | J253: S01aH03 | K253: 0.042204289 | L253: IMPNRGZ
I254: elc_spv_MYS_011 | J254: S01aH04 | K254: 0.20794835 | L254: IMPNRGZ
I255: elc_spv_MYS_011 | J255: S01aH05 | K255: 0.11103586 | L255: IMPNRGZ
I256: elc_spv_MYS_011 | J256: S01aH06 | K256: 9.9804335e-05 | L256: IMPNRGZ
I257: elc_spv_MYS_011 | J257: S02aH01 | K257: 0.0023186029 | L257: IMPNRGZ
I258: elc_spv_MYS_011 | J258: S02aH02 | K258: 0.013904926 | L258: IMPNRGZ
I259: elc_spv_MYS_011 | J259: S02aH03 | K259: 0.011449313 | L259: IMPNRGZ
I260: elc_spv_MYS_011 | J260: S02aH04 | K260: 0.058075703 | L260: IMPNRGZ
I261: elc_spv_MYS_011 | J261: S02aH05 | K261: 0.031513067 | L261: IMPNRGZ
I262: elc_spv_MYS_011 | J262: S02aH06 | K262: 1.7977717e-05 | L262: IMPNRGZ
... I586: elc_spv_MYS_024 | J586: S04aH06 | K586: 0.004991501 | L586: IMPNRGZ

Sheet ts_036
C9: =IF(A11="x","DeActivated","~TimeSlices") -> DeActivated | I9: =IF(A11="x","DeActivated","~TFM_DINS-AT") -> DeActivated | N9: =IF(A11="x","DeActivated","~TFM_DINS-AT") -> DeActivated | S9: =IF(A11="x","DeActivated","~TFM_DINS-AT") -> DeActivated | X9: =IF(A11="x","DeActivated","~TFM_DINS-AT") -> DeActivated | AC9: =IF(A11="x","DeActivated","~TFM_DINS-AT") -> DeActivated | AG9: =IF(A11="x","DeActivated","~TFM_DINS-AT") -> DeActivated | AK9: =IF(A11="x","DeActivated","~TFM_INS-AT") -> DeActivated
A10: ts_036 | C10: season | D10: weekly | E10: daynite | F10: wparent | G10: dparent | I10: commodity | J10: timeslice | K10: com_fr | L10: process | N10: commodity | O10: timeslice | P10: com_fr | Q10: process | S10: commodity | T10: timeslice | U10: com_fr | V10: process | X10: g_yrfr | Y10: com_fr | Z10: timeslice | AA10: commodity | AC10: commodity | AD10: timeslice | AE10: com_fr | AG10: commodity | AH10: timeslice | AI10: com_pkflx | AK10: Year | AL10: timeslice | AM10: ncap_afs | AN10: pset_ci
A11: =IFERROR(IF(Veda!D5=A10,"ok","x"),"") -> x | C11: S01 | D11: a | E11: H01 | F11: S01,S02,S03,S04,S05,S06 | G11: a | I11: elc_spv_MYS_001 | J11: S01aH01 | K11: 1.3380513e-06 | L11: IMPNRGZ | N11: elc_won_MYS_001 | O11: S01aH01 | P11: 0.027953093 | Q11: IMPNRGZ | S11: elc_wof_MYS_001 | T11: S01aH01 | U11: 0.048797819 | V11: IMPNRGZ | X11: 0.018378995 | Y11: 0.0072582022 | Z11: S01aH01 | AA11: elc_roadtransport | AC11: elc_buildings | AD11: S01aH01 | AE11: 0.011456211 | AG11: ELC | AH11: S01aH01 | AI11: 0.072000356
C12: S02 | E12: H02 | G12: a | I12: elc_spv_MYS_001 | J12: S01aH02 | K12: 0.0090541613 | L12: IMPNRGZ | N12: elc_won_MYS_001 | O12: S01aH02 | P12: 0.005347523 | Q12: IMPNRGZ | S12: elc_wof_MYS_001 | T12: S01aH02 | U12: 0.013964361 | V12: IMPNRGZ | X12: 0.0052511416 | Y12: 0.0077385244 | Z12: S01aH02 | AA12: elc_roadtransport | AC12: elc_buildings | AD12: S01aH02 | AE12: 0.00466301 | AG12: ELC | AH12: S01aH02 | AI12: 0.10608061
C13: S03 | E13: H03 | G13: a | I13: elc_spv_MYS_001 | J13: S01aH03 | K13: 0.0068108365 | L13: IMPNRGZ | N13: elc_won_MYS_001 | O13: S01aH03 | P13: 0.0029335242 | Q13: IMPNRGZ | S13: elc_wof_MYS_001 | T13: S01aH03 | U13: 0.0073017095 | V13: IMPNRGZ | X13: 0.0026255708 | Y13: 0.0033241346 | Z13: S01aH03 | AA13: elc_roadtransport | AC13: elc_buildings | AD13: S01aH03 | AE13: 0.0025343908 | AG13: ELC | AH13: S01aH03 | AI13: 0.069244113
C14: S04 | E14: H04 | G14: a | I14: elc_spv_MYS_001 | J14: S01aH04 | K14: 0.030214741 | L14: IMPNRGZ | N14: elc_won_MYS_001 | O14: S01aH04 | P14: 0.014717982 | Q14: IMPNRGZ | S14: elc_wof_MYS_001 | T14: S01aH04 | U14: 0.027550919 | V14: IMPNRGZ | X14: 0.010502283 | Y14: 0.013174552 | Z14: S01aH04 | AA14: elc_roadtransport | AC14: elc_buildings | AD14: S01aH04 | AE14: 0.010985054 | AG14: ELC | AH14: S01aH04 | AI14: 0.05182352
C15: S05 | E15: H05 | G15: a | I15: elc_spv_MYS_001 | J15: S01aH05 | K15: 0.016884963 | L15: IMPNRGZ | N15: elc_won_MYS_001 | O15: S01aH05 | P15: 0.015605292 | Q15: IMPNRGZ | S15: elc_wof_MYS_001 | T15: S01aH05 | U15: 0.026075331 | V15: IMPNRGZ | X15: 0.010502283 | Y15: 0.017642311 | Z15: S01aH05 | AA15: elc_roadtransport | AC15: elc_buildings | AD15: S01aH05 | AE15: 0.011092652 | AG15: ELC | AH15: S01aH05 | AI15: 0.056616443
C16: S06 | E16: H06 | G16: a | I16: elc_spv_MYS_001 | J16: S01aH06 | K16: 0 | L16: IMPNRGZ | N16: elc_won_MYS_001 | O16: S01aH06 | P16: 0.02521768 | Q16: IMPNRGZ | S16: elc_wof_MYS_001 | T16: S01aH06 | U16: 0.044148383 | V16: IMPNRGZ | X16: 0.015753425 | Y16: 0.013875975 | Z16: S01aH06 | AA16: elc_roadtransport | AC16: elc_buildings | AD16: S01aH06 | AE16: 0.017140057 | AG16: ELC | AH16: S01aH06 | AI16: 0.10897521
I17: elc_spv_MYS_001 | J17: S02aH01 | K17: 0.0050823782 | L17: IMPNRGZ | N17: elc_won_MYS_001 | O17: S02aH01 | P17: 0.077550264 | Q17: IMPNRGZ | S17: elc_wof_MYS_001 | T17: S02aH01 | U17: 0.083987982 | V17: IMPNRGZ | X17: 0.09109589 | Y17: 0.035975437 | Z17: S02aH01 | AA17: elc_roadtransport | AC17: elc_buildings | AD17: S02aH01 | AE17: 0.066397395 | AG17: ELC | AH17: S02aH01 | AI17: 0.2036251
I18: elc_spv_MYS_001 | J18: S02aH02 | K18: 0.044770665 | L18: IMPNRGZ | N18: elc_won_MYS_001 | O18: S02aH02 | P18: 0.018042835 | Q18: IMPNRGZ | S18: elc_wof_MYS_001 | T18: S02aH02 | U18: 0.024671906 | V18: IMPNRGZ | X18: 0.026027397 | Y18: 0.038356164 | Z18: S02aH02 | AA18: elc_roadtransport | AC18: elc_buildings | AD18: S02aH02 | AE18: 0.024819813 | AG18: ELC | AH18: S02aH02 | AI18: 0.16296052
I19: elc_spv_MYS_001 | J19: S02aH03 | K19: 0.034201691 | L19: IMPNRGZ | N19: elc_won_MYS_001 | O19: S02aH03 | P19: 0.010321159 | Q19: IMPNRGZ | S19: elc_wof_MYS_001 | T19: S02aH03 | U19: 0.012442204 | V19: IMPNRGZ | X19: 0.013013699 | Y19: 0.016476145 | Z19: S02aH03 | AA19: elc_roadtransport | AC19: elc_buildings | AD19: S02aH03 | AE19: 0.014421426 | AG19: ELC | AH19: S02aH03 | AI19: 0.10836604
I20: elc_spv_MYS_001 | J20: S02aH04 | K20: 0.15908929 | L20: IMPNRGZ | N20: elc_won_MYS_001 | O20: S02aH04 | P20: 0.048694982 | Q20: IMPNRGZ | S20: elc_wof_MYS_001 | T20: S02aH04 | U20: 0.046316922 | V20: IMPNRGZ | X20: 0.052054795 | Y20: 0.065299953 | Z20: S02aH04 | AA20: elc_roadtransport | AC20: elc_buildings | AD20: S02aH04 | AE20: 0.066422956 | AG20: ELC | AH20: S02aH04 | AI20: 0.17748595
I21: elc_spv_MYS_001 | J21: S02aH05 | K21: 0.094570183 | L21: IMPNRGZ | N21: elc_won_MYS_001 | O21: S02aH05 | P21: 0.063827154 | Q21: IMPNRGZ | S21: elc_wof_MYS_001 | T21: S02aH05 | U21: 0.040276106 | V21: IMPNRGZ | X21: 0.052054795 | Y21: 0.087444497 | Z21: S02aH05 | AA21: elc_roadtransport | AC21: elc_buildings | AD21: S02aH05 | AE21: 0.06807795 | AG21: ELC | AH21: S02aH05 | AI21: 0.16430981
I22: elc_spv_MYS_001 | J22: S02aH06 | K22: 0 | L22: IMPNRGZ | N22: elc_won_MYS_001 | O22: S02aH06 | P22: 0.083200114 | Q22: IMPNRGZ | S22: elc_wof_MYS_001 | T22: S02aH06 | U22: 0.072423131 | V22: IMPNRGZ | X22: 0.078082192 | Y22: 0.068776571 | Z22: S02aH06 | AA22: elc_roadtransport | AC22: elc_buildings | AD22: S02aH06 | AE22: 0.096848937 | AG22: ELC | AH22: S02aH06 | AI22: 0.16804071
I23: elc_spv_MYS_001 | J23: S03aH01 | K23: 0.0013058765 | L23: IMPNRGZ | N23: elc_won_MYS_001 | O23: S03aH01 | P23: 0.0045672192 | Q23: IMPNRGZ | S23: elc_wof_MYS_001 | T23: S03aH01 | U23: 0.00045062044 | V23: IMPNRGZ | X23: 0.011986301 | Y23: 0.0047336101 | Z23: S03aH01 | AA23: elc_roadtransport | AC23: elc_buildings | AD23: S03aH01 | AE23: 0.0095536027 | AG23: ELC | AH23: S03aH01 | AI23: 0.11292412
I24: elc_spv_MYS_001 | J24: S03aH02 | K24: 0.0055510552 | L24: IMPNRGZ | N24: elc_won_MYS_001 | O24: S03aH02 | P24: 0.00096698785 | Q24: IMPNRGZ | S24: elc_wof_MYS_001 | T24: S03aH02 | U24: 0.00015909513 | V24: IMPNRGZ | X24: 0.0034246575 | Y24: 0.0050468637 | Z24: S03aH02 | AA24: elc_roadtransport | AC24: elc_buildings | AD24: S03aH02 | AE24: 0.003387093 | AG24: ELC | AH24: S03aH02 | AI24: 0.099580663
I25: elc_spv_MYS_001 | J25: S03aH03 | K25: 0.0041621006 | L25: IMPNRGZ | N25: elc_won_MYS_001 | O25: S03aH03 | P25: 0.00052664436 | Q25: IMPNRGZ | S25: elc_wof_MYS_001 | T25: S03aH03 | U25: 6.1089396e-05 | V25: IMPNRGZ | X25: 0.0017123288 | Y25: 0.0021679139 | Z25: S03aH03 | AA25: elc_roadtransport | AC25: elc_buildings | AD25: S03aH03 | AE25: 0.0020555893 | AG25: ELC | AH25: S03aH03 | AI25: 0.060796289
I26: elc_spv_MYS_001 | J26: S03aH04 | K26: 0.021547629 | L26: IMPNRGZ | N26: elc_won_MYS_001 | O26: S03aH04 | P26: 0.0024311197 | Q26: IMPNRGZ | S26: elc_wof_MYS_001 | T26: S03aH04 | U26: 0.00029934823 | V26: IMPNRGZ | X26: 0.0068493151 | Y26: 0.008592099 | Z26: S03aH04 | AA26: elc_roadtransport | AC26: elc_buildings | AD26: S03aH04 | AE26: 0.009866601 | AG26: ELC | AH26: S03aH04 | AI26: 0.078829913
I27: elc_spv_MYS_001 | J27: S03aH05 | K27: 0.010770252 | L27: IMPNRGZ | N27: elc_won_MYS_001 | O27: S03aH05 | P27: 0.0027480106 | Q27: IMPNRGZ | S27: elc_wof_MYS_001 | T27: S03aH05 | U27: 0.00035513414 | V27: IMPNRGZ | X27: 0.0068493151 | Y27: 0.011505855 | Z27: S03aH05 | AA27: elc_roadtransport | AC27: elc_buildings | AD27: S03aH05 | AE27: 0.010201153 | AG27: ELC | AH27: S03aH05 | AI27: 0.07467807
I28: elc_spv_MYS_001 | J28: S03aH06 | K28: 0 | L28: IMPNRGZ | N28: elc_won_MYS_001 | O28: S03aH06 | P28: 0.0030807013 | Q28: IMPNRGZ | S28: elc_wof_MYS_001 | T28: S03aH06 | U28: 0.00024167076 | V28: IMPNRGZ | X28: 0.010273973 | Y28: 0.0090495488 | Z28: S03aH06 | AA28: elc_roadtransport | AC28: elc_buildings | AD28: S03aH06 | AE28: 0.014069355 | AG28: ELC | AH28: S03aH06 | AI28: 0.091201158
... I46: elc_spv_MYS_001 | J46: S06aH06 | K46: 0 | L46: IMPNRGZ | N46: elc_won_MYS_001 | O46: S06aH06 | P46: 0.045428406 | Q46: IMPNRGZ | S46: elc_wof_MYS_001 | T46: S06aH06 | U46: 0.074611424 | V46: IMPNRGZ | X46: 0.054794521 | Y46: 0.04826426 | Z46: S06aH06 | AA46: elc_roadtransport | AC46: elc_buildings | AD46: S06aH06 | AE46: 0.051174968 | AG46: ELC | AH46: S06aH06 | AI46: 0.14374606
I47: elc_spv_MYS_002 | J47: S01aH01 | K47: 0 | L47: IMPNRGZ | N47: elc_won_MYS_002 | O47: S01aH01 | P47: 0.022505328 | Q47: IMPNRGZ | S47: elc_wof_MYS_002 | T47: S01aH01 | U47: 0.044684545 | V47: IMPNRGZ | AC47: elc_industry | AD47: S01aH01 | AE47: 0.018084567
I48: elc_spv_MYS_002 | J48: S01aH02 | K48: 0.0091971185 | L48: IMPNRGZ | N48: elc_won_MYS_002 | O48: S01aH02 | P48: 0.0058819652 | Q48: IMPNRGZ | S48: elc_wof_MYS_002 | T48: S01aH02 | U48: 0.013238972 | V48: IMPNRGZ | AC48: elc_industry | AD48: S01aH02 | AE48: 0.0052404343
I49: elc_spv_MYS_002 | J49: S01aH03 | K49: 0.0073187609 | L49: IMPNRGZ | N49: elc_won_MYS_002 | O49: S01aH03 | P49: 0.0030046348 | Q49: IMPNRGZ | S49: elc_wof_MYS_002 | T49: S01aH03 | U49: 0.0067877472 | V49: IMPNRGZ | AC49: elc_industry | AD49: S01aH03 | AE49: 0.0026309344
I50: elc_spv_MYS_002 | J50: S01aH04 | K50: 0.029622586 | L50: IMPNRGZ | N50: elc_won_MYS_002 | O50: S01aH04 | P50: 0.013903001 | Q50: IMPNRGZ | S50: elc_wof_MYS_002 | T50: S01aH04 | U50: 0.027545358 | V50: IMPNRGZ | AC50: elc_industry | AD50: S01aH04 | AE50: 0.010568505
I51: elc_spv_MYS_002 | J51: S01aH05 | K51: 0.01766282 | L51: IMPNRGZ | N51: elc_won_MYS_002 | O51: S01aH05 | P51: 0.01636868 | Q51: IMPNRGZ | S51: elc_wof_MYS_002 | T51: S01aH05 | U51: 0.026336316 | V51: IMPNRGZ | AC51: elc_industry | AD51: S01aH05 | AE51: 0.010574189
I52: elc_spv_MYS_002 | J52: S01aH06 | K52: 0 | L52: IMPNRGZ | N52: elc_won_MYS_002 | O52: S01aH06 | P52: 0.024111684 | Q52: IMPNRGZ | S52: elc_wof_MYS_002 | T52: S01aH06 | U52: 0.041444584 | V52: IMPNRGZ | AC52: elc_industry | AD52: S01aH06 | AE52: 0.015887753
I53: elc_spv_MYS_002 | J53: S02aH01 | K53: 0.0058700231 | L53: IMPNRGZ | N53: elc_won_MYS_002 | O53: S02aH01 | P53: 0.074318434 | Q53: IMPNRGZ | S53: elc_wof_MYS_002 | T53: S02aH01 | U53: 0.080897273 | V53: IMPNRGZ | AC53: elc_industry | AD53: S02aH01 | AE53: 0.089453124
I54: elc_spv_MYS_002 | J54: S02aH02 | K54: 0.049463178 | L54: IMPNRGZ | N54: elc_won_MYS_002 | O54: S02aH02 | P54: 0.018432405 | Q54: IMPNRGZ | S54: elc_wof_MYS_002 | T54: S02aH02 | U54: 0.025385157 | V54: IMPNRGZ | AC54: elc_industry | AD54: S02aH02 | AE54: 0.02586701
I55: elc_spv_MYS_002 | J55: S02aH03 | K55: 0.035624268 | L55: IMPNRGZ | N55: elc_won_MYS_002 | O55: S02aH03 | P55: 0.0097413424 | Q55: IMPNRGZ | S55: elc_wof_MYS_002 | T55: S02aH03 | U55: 0.013257041 | V55: IMPNRGZ | AC55: elc_industry | AD55: S02aH03 | AE55: 0.013039761
I56: elc_spv_MYS_002 | J56: S02aH04 | K56: 0.1595166 | L56: IMPNRGZ | N56: elc_won_MYS_002 | O56: S02aH04 | P56: 0.047233556 | Q56: IMPNRGZ | S56: elc_wof_MYS_002 | T56: S02aH04 | U56: 0.051661923 | V56: IMPNRGZ | AC56: elc_industry | AD56: S02aH04 | AE56: 0.052620582
I57: elc_spv_MYS_002 | J57: S02aH05 | K57: 0.093678881 | L57: IMPNRGZ | N57: elc_won_MYS_002 | O57: S02aH05 | P57: 0.065959906 | Q57: IMPNRGZ | S57: elc_wof_MYS_002 | T57: S02aH05 | U57: 0.047172841 | V57: IMPNRGZ | AC57: elc_industry | AD57: S02aH05 | AE57: 0.052708005
I58: elc_spv_MYS_002 | J58: S02aH06 | K58: 0 | L58: IMPNRGZ | N58: elc_won_MYS_002 | O58: S02aH06 | P58: 0.10372237 | Q58: IMPNRGZ | S58: elc_wof_MYS_002 | T58: S02aH06 | U58: 0.074232107 | V58: IMPNRGZ | AC58: elc_industry | AD58: S02aH06 | AE58: 0.078783732
... I82: elc_spv_MYS_002 | J82: S06aH06 | K82: 0 | L82: IMPNRGZ | N82: elc_won_MYS_002 | O82: S06aH06 | P82: 0.048952493 | Q82: IMPNRGZ | S82: elc_wof_MYS_002 | T82: S06aH06 | U82: 0.094878598 | V82: IMPNRGZ | AC82: elc_industry | AD82: S06aH06 | AE82: 0.055130245
I83: elc_spv_MYS_003 | J83: S01aH01 | K83: 0 | L83: IMPNRGZ | N83: elc_won_MYS_003 | O83: S01aH01 | P83: 0.019539375 | Q83: IMPNRGZ | S83: elc_wof_MYS_003 | T83: S01aH01 | U83: 0.039117541 | V83: IMPNRGZ
I84: elc_spv_MYS_003 | J84: S01aH02 | K84: 0.0090906333 | L84: IMPNRGZ | N84: elc_won_MYS_003 | O84: S01aH02 | P84: 0.0041542095 | Q84: IMPNRGZ | S84: elc_wof_MYS_003 | T84: S01aH02 | U84: 0.011981954 | V84: IMPNRGZ
I85: elc_spv_MYS_003 | J85: S01aH03 | K85: 0.0071870293 | L85: IMPNRGZ | N85: elc_won_MYS_003 | O85: S01aH03 | P85: 0.0021893971 | Q85: IMPNRGZ | S85: elc_wof_MYS_003 | T85: S01aH03 | U85: 0.0062552091 | V85: IMPNRGZ
I86: elc_spv_MYS_003 | J86: S01aH04 | K86: 0.029981657 | L86: IMPNRGZ | N86: elc_won_MYS_003 | O86: S01aH04 | P86: 0.012506029 | Q86: IMPNRGZ | S86: elc_wof_MYS_003 | T86: S01aH04 | U86: 0.026199864 | V86: IMPNRGZ
I87: elc_spv_MYS_003 | J87: S01aH05 | K87: 0.016160483 | L87: IMPNRGZ | N87: elc_won_MYS_003 | O87: S01aH05 | P87: 0.013485926 | Q87: IMPNRGZ | S87: elc_wof_MYS_003 | T87: S01aH05 | U87: 0.024610949 | V87: IMPNRGZ
I88: elc_spv_MYS_003 | J88: S01aH06 | K88: 0 | L88: IMPNRGZ | N88: elc_won_MYS_003 | O88: S01aH06 | P88: 0.019099948 | Q88: IMPNRGZ | S88: elc_wof_MYS_003 | T88: S01aH06 | U88: 0.03609446 | V88: IMPNRGZ
I89: elc_spv_MYS_003 | J89: S02aH01 | K89: 0.00585008 | L89: IMPNRGZ | N89: elc_won_MYS_003 | O89: S02aH01 | P89: 0.065878036 | Q89: IMPNRGZ | S89: elc_wof_MYS_003 | T89: S02aH01 | U89: 0.080592039 | V89: IMPNRGZ
I90: elc_spv_MYS_003 | J90: S02aH02 | K90: 0.049608916 | L90: IMPNRGZ | N90: elc_won_MYS_003 | O90: S02aH02 | P90: 0.015406928 | Q90: IMPNRGZ | S90: elc_wof_MYS_003 | T90: S02aH02 | U90: 0.026516014 | V90: IMPNRGZ
I91: elc_spv_MYS_003 | J91: S02aH03 | K91: 0.036543586 | L91: IMPNRGZ | N91: elc_won_MYS_003 | O91: S02aH03 | P91: 0.0085236508 | Q91: IMPNRGZ | S91: elc_wof_MYS_003 | T91: S02aH03 | U91: 0.014163261 | V91: IMPNRGZ
I92: elc_spv_MYS_003 | J92: S02aH04 | K92: 0.1593224 | L92: IMPNRGZ | N92: elc_won_MYS_003 | O92: S02aH04 | P92: 0.043023988 | Q92: IMPNRGZ | S92: elc_wof_MYS_003 | T92: S02aH04 | U92: 0.05417067 | V92: IMPNRGZ
I93: elc_spv_MYS_003 | J93: S02aH05 | K93: 0.083408701 | L93: IMPNRGZ | N93: elc_won_MYS_003 | O93: S02aH05 | P93: 0.060348218 | Q93: IMPNRGZ | S93: elc_wof_MYS_003 | T93: S02aH05 | U93: 0.048821443 | V93: IMPNRGZ
I94: elc_spv_MYS_003 | J94: S02aH06 | K94: 0 | L94: IMPNRGZ | N94: elc_won_MYS_003 | O94: S02aH06 | P94: 0.079928521 | Q94: IMPNRGZ | S94: elc_wof_MYS_003 | T94: S02aH06 | U94: 0.072989864 | V94: IMPNRGZ
... I370: elc_spv_MYS_010 | J370: S06aH06 | K370: 0 | L370: IMPNRGZ | N370: elc_won_MYS_010 | O370: S06aH06 | P370: 0.095746917 | Q370: IMPNRGZ | S370: elc_wof_MYS_010 | T370: S06aH06 | U370: 0.05236433 | V370: IMPNRGZ
I371: elc_spv_MYS_011 | J371: S01aH01 | K371: 8.0632058e-07 | L371: IMPNRGZ
I372: elc_spv_MYS_011 | J372: S01aH02 | K372: 0.0054996295 | L372: IMPNRGZ
I373: elc_spv_MYS_011 | J373: S01aH03 | K373: 0.0056011668 | L373: IMPNRGZ
I374: elc_spv_MYS_011 | J374: S01aH04 | K374: 0.027615348 | L374: IMPNRGZ
I375: elc_spv_MYS_011 | J375: S01aH05 | K375: 0.015541469 | L375: IMPNRGZ
I376: elc_spv_MYS_011 | J376: S01aH06 | K376: 0 | L376: IMPNRGZ
I377: elc_spv_MYS_011 | J377: S02aH01 | K377: 0.0029388247 | L377: IMPNRGZ
I378: elc_spv_MYS_011 | J378: S02aH02 | K378: 0.037229479 | L378: IMPNRGZ
I379: elc_spv_MYS_011 | J379: S02aH03 | K379: 0.032421901 | L379: IMPNRGZ
I380: elc_spv_MYS_011 | J380: S02aH04 | K380: 0.15935444 | L380: IMPNRGZ
I381: elc_spv_MYS_011 | J381: S02aH05 | K381: 0.084840991 | L381: IMPNRGZ
I382: elc_spv_MYS_011 | J382: S02aH06 | K382: 9.9804335e-05 | L382: IMPNRGZ
... I874: elc_spv_MYS_024 | J874: S06aH06 | K874: 0.004991501 | L874: IMPNRGZ

Sheet ts_048
C9: =IF(A11="x","DeActivated","~TimeSlices") -> DeActivated | I9: =IF(A11="x","DeActivated","~TFM_DINS-AT") -> DeActivated | N9: =IF(A11="x","DeActivated","~TFM_DINS-AT") -> DeActivated | S9: =IF(A11="x","DeActivated","~TFM_DINS-AT") -> DeActivated | X9: =IF(A11="x","DeActivated","~TFM_DINS-AT") -> DeActivated | AC9: =IF(A11="x","DeActivated","~TFM_DINS-AT") -> DeActivated | AG9: =IF(A11="x","DeActivated","~TFM_DINS-AT") -> DeActivated | AK9: =IF(A11="x","DeActivated","~TFM_INS-AT") -> DeActivated
A10: ts_048 | C10: season | D10: weekly | E10: daynite | F10: wparent | G10: dparent | I10: commodity | J10: timeslice | K10: com_fr | L10: process | N10: commodity | O10: timeslice | P10: com_fr | Q10: process | S10: commodity | T10: timeslice | U10: com_fr | V10: process | X10: g_yrfr | Y10: com_fr | Z10: timeslice | AA10: commodity | AC10: commodity | AD10: timeslice | AE10: com_fr | AG10: commodity | AH10: timeslice | AI10: com_pkflx | AK10: Year | AL10: timeslice | AM10: ncap_afs | AN10: pset_ci
A11: =IFERROR(IF(Veda!D5=A10,"ok","x"),"") -> x | C11: S01 | D11: a | E11: H01 | F11: S01,S02,S03,S04,S05,S06 | G11: a | I11: elc_spv_MYS_001 | J11: S01aH01 | K11: 1.3380513e-06 | L11: IMPNRGZ | N11: elc_won_MYS_001 | O11: S01aH01 | P11: 0.027953093 | Q11: IMPNRGZ | S11: elc_wof_MYS_001 | T11: S01aH01 | U11: 0.048797819 | V11: IMPNRGZ | X11: 0.018378995 | Y11: 0.0072582022 | Z11: S01aH01 | AA11: elc_roadtransport | AC11: elc_buildings | AD11: S01aH01 | AE11: 0.011456211 | AG11: ELC | AH11: S01aH01 | AI11: 0.072000356
C12: S02 | E12: H02 | G12: a | I12: elc_spv_MYS_001 | J12: S01aH02 | K12: 0.0090541613 | L12: IMPNRGZ | N12: elc_won_MYS_001 | O12: S01aH02 | P12: 0.005347523 | Q12: IMPNRGZ | S12: elc_wof_MYS_001 | T12: S01aH02 | U12: 0.013964361 | V12: IMPNRGZ | X12: 0.0052511416 | Y12: 0.0077385244 | Z12: S01aH02 | AA12: elc_roadtransport | AC12: elc_buildings | AD12: S01aH02 | AE12: 0.00466301 | AG12: ELC | AH12: S01aH02 | AI12: 0.10608061
C13: S03 | E13: H03 | G13: a | I13: elc_spv_MYS_001 | J13: S01aH03 | K13: 0.0068108365 | L13: IMPNRGZ | N13: elc_won_MYS_001 | O13: S01aH03 | P13: 0.0029335242 | Q13: IMPNRGZ | S13: elc_wof_MYS_001 | T13: S01aH03 | U13: 0.0073017095 | V13: IMPNRGZ | X13: 0.0026255708 | Y13: 0.0033241346 | Z13: S01aH03 | AA13: elc_roadtransport | AC13: elc_buildings | AD13: S01aH03 | AE13: 0.0025343908 | AG13: ELC | AH13: S01aH03 | AI13: 0.069244113
C14: S04 | E14: H04 | G14: a | I14: elc_spv_MYS_001 | J14: S01aH04 | K14: 0.0075503721 | L14: IMPNRGZ | N14: elc_won_MYS_001 | O14: S01aH04 | P14: 0.0033314152 | Q14: IMPNRGZ | S14: elc_wof_MYS_001 | T14: S01aH04 | U14: 0.0072621838 | V14: IMPNRGZ | X14: 0.0026255708 | Y14: 0.0032402688 | Z14: S01aH04 | AA14: elc_roadtransport | AC14: elc_buildings | AD14: S01aH04 | AE14: 0.0027048651 | AG14: ELC | AH14: S01aH04 | AI14: 0.052870608
C15: S05 | E15: H05 | G15: a | I15: elc_spv_MYS_001 | J15: S01aH05 | K15: 0.022664368 | L15: IMPNRGZ | N15: elc_won_MYS_001 | O15: S01aH05 | P15: 0.011386567 | Q15: IMPNRGZ | S15: elc_wof_MYS_001 | T15: S01aH05 | U15: 0.020288735 | V15: IMPNRGZ | X15: 0.0078767123 | Y15: 0.009934283 | Z15: S01aH05 | AA15: elc_roadtransport | AC15: elc_buildings | AD15: S01aH05 | AE15: 0.0082801887 | AG15: ELC | AH15: S01aH05 | AI15: 0.048985595
C16: S06 | E16: H06 | G16: a | I16: elc_spv_MYS_001 | J16: S01aH06 | K16: 0.011691455 | L16: IMPNRGZ | N16: elc_won_MYS_001 | O16: S01aH06 | P16: 0.0077425213 | Q16: IMPNRGZ | S16: elc_wof_MYS_001 | T16: S01aH06 | U16: 0.012906908 | V16: IMPNRGZ | X16: 0.0052511416 | Y16: 0.0074259338 | Z16: S01aH06 | AA16: elc_roadtransport | AC16: elc_buildings | AD16: S01aH06 | AE16: 0.0055012081 | AG16: ELC | AH16: S01aH06 | AI16: 0.050180015
E17: H07 | G17: a | I17: elc_spv_MYS_001 | J17: S01aH07 | K17: 0.0051935085 | L17: IMPNRGZ | N17: elc_won_MYS_001 | O17: S01aH07 | P17: 0.0078627709 | Q17: IMPNRGZ | S17: elc_wof_MYS_001 | T17: S01aH07 | U17: 0.013168423 | V17: IMPNRGZ | X17: 0.0052511416 | Y17: 0.010216377 | Z17: S01aH07 | AA17: elc_roadtransport | AC17: elc_buildings | AD17: S01aH07 | AE17: 0.0055914437 | AG17: ELC | AH17: S01aH07 | AI17: 0.051988221
E18: H08 | G18: a | I18: elc_spv_MYS_001 | J18: S01aH08 | K18: 0 | L18: IMPNRGZ | N18: elc_won_MYS_001 | O18: S01aH08 | P18: 0.02521768 | Q18: IMPNRGZ | S18: elc_wof_MYS_001 | T18: S01aH08 | U18: 0.044148383 | V18: IMPNRGZ | X18: 0.015753425 | Y18: 0.013875975 | Z18: S01aH08 | AA18: elc_roadtransport | AC18: elc_buildings | AD18: S01aH08 | AE18: 0.017140057 | AG18: ELC | AH18: S01aH08 | AI18: 0.10897521
I19: elc_spv_MYS_001 | J19: S02aH01 | K19: 0.0050823782 | L19: IMPNRGZ | N19: elc_won_MYS_001 | O19: S02aH01 | P19: 0.077550264 | Q19: IMPNRGZ | S19: elc_wof_MYS_001 | T19: S02aH01 | U19: 0.083987982 | V19: IMPNRGZ | X19: 0.09109589 | Y19: 0.035975437 | Z19: S02aH01 | AA19: elc_roadtransport | AC19: elc_buildings | AD19: S02aH01 | AE19: 0.066397395 | AG19: ELC | AH19: S02aH01 | AI19: 0.2036251
I20: elc_spv_MYS_001 | J20: S02aH02 | K20: 0.044770665 | L20: IMPNRGZ | N20: elc_won_MYS_001 | O20: S02aH02 | P20: 0.018042835 | Q20: IMPNRGZ | S20: elc_wof_MYS_001 | T20: S02aH02 | U20: 0.024671906 | V20: IMPNRGZ | X20: 0.026027397 | Y20: 0.038356164 | Z20: S02aH02 | AA20: elc_roadtransport | AC20: elc_buildings | AD20: S02aH02 | AE20: 0.024819813 | AG20: ELC | AH20: S02aH02 | AI20: 0.16296052
I21: elc_spv_MYS_001 | J21: S02aH03 | K21: 0.034201691 | L21: IMPNRGZ | N21: elc_won_MYS_001 | O21: S02aH03 | P21: 0.010321159 | Q21: IMPNRGZ | S21: elc_wof_MYS_001 | T21: S02aH03 | U21: 0.012442204 | V21: IMPNRGZ | X21: 0.013013699 | Y21: 0.016476145 | Z21: S02aH03 | AA21: elc_roadtransport | AC21: elc_buildings | AD21: S02aH03 | AE21: 0.014421426 | AG21: ELC | AH21: S02aH03 | AI21: 0.10836604
I22: elc_spv_MYS_001 | J22: S02aH04 | K22: 0.038395554 | L22: IMPNRGZ | N22: elc_won_MYS_001 | O22: S02aH04 | P22: 0.011180686 | Q22: IMPNRGZ | S22: elc_wof_MYS_001 | T22: S02aH04 | U22: 0.012331825 | V22: IMPNRGZ | X22: 0.013013699 | Y22: 0.016060463 | Z22: S02aH04 | AA22: elc_roadtransport | AC22: elc_buildings | AD22: S02aH04 | AE22: 0.016115381 | AG22: ELC | AH22: S02aH04 | AI22: 0.13600138
I23: elc_spv_MYS_001 | J23: S02aH05 | K23: 0.12069374 | L23: IMPNRGZ | N23: elc_won_MYS_001 | O23: S02aH05 | P23: 0.037514296 | Q23: IMPNRGZ | S23: elc_wof_MYS_001 | T23: S02aH05 | U23: 0.033985097 | V23: IMPNRGZ | X23: 0.039041096 | Y23: 0.04923949 | Z23: S02aH05 | AA23: elc_roadtransport | AC23: elc_buildings | AD23: S02aH05 | AE23: 0.050307575 | AG23: ELC | AH23: S02aH05 | AI23: 0.17069614
I24: elc_spv_MYS_001 | J24: S02aH06 | K24: 0.061708522 | L24: IMPNRGZ | N24: elc_won_MYS_001 | O24: S02aH06 | P24: 0.030569366 | Q24: IMPNRGZ | S24: elc_wof_MYS_001 | T24: S02aH06 | U24: 0.020328369 | V24: IMPNRGZ | X24: 0.026027397 | Y24: 0.036806802 | Z24: S02aH06 | AA24: elc_roadtransport | AC24: elc_buildings | AD24: S02aH06 | AE24: 0.034188292 | AG24: ELC | AH24: S02aH06 | AI24: 0.15742753
I25: elc_spv_MYS_001 | J25: S02aH07 | K25: 0.032861661 | L25: IMPNRGZ | N25: elc_won_MYS_001 | O25: S02aH07 | P25: 0.033257788 | Q25: IMPNRGZ | S25: elc_wof_MYS_001 | T25: S02aH07 | U25: 0.019947737 | V25: IMPNRGZ | X25: 0.026027397 | Y25: 0.050637695 | Z25: S02aH07 | AA25: elc_roadtransport | AC25: elc_buildings | AD25: S02aH07 | AE25: 0.033889658 | AG25: ELC | AH25: S02aH07 | AI25: 0.16735752
I26: elc_spv_MYS_001 | J26: S02aH08 | K26: 0 | L26: IMPNRGZ | N26: elc_won_MYS_001 | O26: S02aH08 | P26: 0.083200114 | Q26: IMPNRGZ | S26: elc_wof_MYS_001 | T26: S02aH08 | U26: 0.072423131 | V26: IMPNRGZ | X26: 0.078082192 | Y26: 0.068776571 | Z26: S02aH08 | AA26: elc_roadtransport | AC26: elc_buildings | AD26: S02aH08 | AE26: 0.096848937 | AG26: ELC | AH26: S02aH08 | AI26: 0.16804071
I27: elc_spv_MYS_001 | J27: S03aH01 | K27: 0.0013058765 | L27: IMPNRGZ | N27: elc_won_MYS_001 | O27: S03aH01 | P27: 0.0045672192 | Q27: IMPNRGZ | S27: elc_wof_MYS_001 | T27: S03aH01 | U27: 0.00045062044 | V27: IMPNRGZ | X27: 0.011986301 | Y27: 0.0047336101 | Z27: S03aH01 | AA27: elc_roadtransport | AC27: elc_buildings | AD27: S03aH01 | AE27: 0.0095536027 | AG27: ELC | AH27: S03aH01 | AI27: 0.11292412
I28: elc_spv_MYS_001 | J28: S03aH02 | K28: 0.0055510552 | L28: IMPNRGZ | N28: elc_won_MYS_001 | O28: S03aH02 | P28: 0.00096698785 | Q28: IMPNRGZ | S28: elc_wof_MYS_001 | T28: S03aH02 | U28: 0.00015909513 | V28: IMPNRGZ | X28: 0.0034246575 | Y28: 0.0050468637 | Z28: S03aH02 | AA28: elc_roadtransport | AC28: elc_buildings | AD28: S03aH02 | AE28: 0.003387093 | AG28: ELC | AH28: S03aH02 | AI28: 0.099580663
I29: elc_spv_MYS_001 | J29: S03aH03 | K29: 0.0041621006 | L29: IMPNRGZ | N29: elc_won_MYS_001 | O29: S03aH03 | P29: 0.00052664436 | Q29: IMPNRGZ | S29: elc_wof_MYS_001 | T29: S03aH03 | U29: 6.1089396e-05 | V29: IMPNRGZ | X29: 0.0017123288 | Y29: 0.0021679139 | Z29: S03aH03 | AA29: elc_roadtransport | AC29: elc_buildings | AD29: S03aH03 | AE29: 0.0020555893 | AG29: ELC | AH29: S03aH03 | AI29: 0.060796289
I30: elc_spv_MYS_001 | J30: S03aH04 | K30: 0.005101801 | L30: IMPNRGZ | N30: elc_won_MYS_001 | O30: S03aH04 | P30: 0.00053918649 | Q30: IMPNRGZ | S30: elc_wof_MYS_001 | T30: S03aH04 | U30: 5.2376919e-05 | V30: IMPNRGZ | X30: 0.0017123288 | Y30: 0.0021132188 | Z30: S03aH04 | AA30: elc_roadtransport | AC30: elc_buildings | AD30: S03aH04 | AE30: 0.002369971 | AG30: ELC | AH30: S03aH04 | AI30: 0.059325023
... I58: elc_spv_MYS_001 | J58: S06aH08 | K58: 0 | L58: IMPNRGZ | N58: elc_won_MYS_001 | O58: S06aH08 | P58: 0.045428406 | Q58: IMPNRGZ | S58: elc_wof_MYS_001 | T58: S06aH08 | U58: 0.074611424 | V58: IMPNRGZ | X58: 0.054794521 | Y58: 0.04826426 | Z58: S06aH08 | AA58: elc_roadtransport | AC58: elc_buildings | AD58: S06aH08 | AE58: 0.051174968 | AG58: ELC | AH58: S06aH08 | AI58: 0.14374606
I59: elc_spv_MYS_002 | J59: S01aH01 | K59: 0 | L59: IMPNRGZ | N59: elc_won_MYS_002 | O59: S01aH01 | P59: 0.022505328 | Q59: IMPNRGZ | S59: elc_wof_MYS_002 | T59: S01aH01 | U59: 0.044684545 | V59: IMPNRGZ | AC59: elc_industry | AD59: S01aH01 | AE59: 0.018084567
I60: elc_spv_MYS_002 | J60: S01aH02 | K60: 0.0091971185 | L60: IMPNRGZ | N60: elc_won_MYS_002 | O60: S01aH02 | P60: 0.0058819652 | Q60: IMPNRGZ | S60: elc_wof_MYS_002 | T60: S01aH02 | U60: 0.013238972 | V60: IMPNRGZ | AC60: elc_industry | AD60: S01aH02 | AE60: 0.0052404343
I61: elc_spv_MYS_002 | J61: S01aH03 | K61: 0.0073187609 | L61: IMPNRGZ | N61: elc_won_MYS_002 | O61: S01aH03 | P61: 0.0030046348 | Q61: IMPNRGZ | S61: elc_wof_MYS_002 | T61: S01aH03 | U61: 0.0067877472 | V61: IMPNRGZ | AC61: elc_industry | AD61: S01aH03 | AE61: 0.0026309344
I62: elc_spv_MYS_002 | J62: S01aH04 | K62: 0.0075759538 | L62: IMPNRGZ | N62: elc_won_MYS_002 | O62: S01aH04 | P62: 0.0032315946 | Q62: IMPNRGZ | S62: elc_wof_MYS_002 | T62: S01aH04 | U62: 0.0070023952 | V62: IMPNRGZ | AC62: elc_industry | AD62: S01aH04 | AE62: 0.0026399395
I63: elc_spv_MYS_002 | J63: S01aH05 | K63: 0.022046632 | L63: IMPNRGZ | N63: elc_won_MYS_002 | O63: S01aH05 | P63: 0.010671406 | Q63: IMPNRGZ | S63: elc_wof_MYS_002 | T63: S01aH05 | U63: 0.020542962 | V63: IMPNRGZ | AC63: elc_industry | AD63: S01aH05 | AE63: 0.0079285659
I64: elc_spv_MYS_002 | J64: S01aH06 | K64: 0.011666435 | L64: IMPNRGZ | N64: elc_won_MYS_002 | O64: S01aH06 | P64: 0.007894183 | Q64: IMPNRGZ | S64: elc_wof_MYS_002 | T64: S01aH06 | U64: 0.01342359 | V64: IMPNRGZ | AC64: elc_industry | AD64: S01aH06 | AE64: 0.0052847113
I65: elc_spv_MYS_002 | J65: S01aH07 | K65: 0.0059963848 | L65: IMPNRGZ | N65: elc_won_MYS_002 | O65: S01aH07 | P65: 0.0084744974 | Q65: IMPNRGZ | S65: elc_wof_MYS_002 | T65: S01aH07 | U65: 0.012912727 | V65: IMPNRGZ | AC65: elc_industry | AD65: S01aH07 | AE65: 0.0052894779
I66: elc_spv_MYS_002 | J66: S01aH08 | K66: 0 | L66: IMPNRGZ | N66: elc_won_MYS_002 | O66: S01aH08 | P66: 0.024111684 | Q66: IMPNRGZ | S66: elc_wof_MYS_002 | T66: S01aH08 | U66: 0.041444584 | V66: IMPNRGZ | AC66: elc_industry | AD66: S01aH08 | AE66: 0.015887753
I67: elc_spv_MYS_002 | J67: S02aH01 | K67: 0.0058700231 | L67: IMPNRGZ | N67: elc_won_MYS_002 | O67: S02aH01 | P67: 0.074318434 | Q67: IMPNRGZ | S67: elc_wof_MYS_002 | T67: S02aH01 | U67: 0.080897273 | V67: IMPNRGZ | AC67: elc_industry | AD67: S02aH01 | AE67: 0.089453124
I68: elc_spv_MYS_002 | J68: S02aH02 | K68: 0.049463178 | L68: IMPNRGZ | N68: elc_won_MYS_002 | O68: S02aH02 | P68: 0.018432405 | Q68: IMPNRGZ | S68: elc_wof_MYS_002 | T68: S02aH02 | U68: 0.025385157 | V68: IMPNRGZ | AC68: elc_industry | AD68: S02aH02 | AE68: 0.02586701
I69: elc_spv_MYS_002 | J69: S02aH03 | K69: 0.035624268 | L69: IMPNRGZ | N69: elc_won_MYS_002 | O69: S02aH03 | P69: 0.0097413424 | Q69: IMPNRGZ | S69: elc_wof_MYS_002 | T69: S02aH03 | U69: 0.013257041 | V69: IMPNRGZ | AC69: elc_industry | AD69: S02aH03 | AE69: 0.013039761
I70: elc_spv_MYS_002 | J70: S02aH04 | K70: 0.039810835 | L70: IMPNRGZ | N70: elc_won_MYS_002 | O70: S02aH04 | P70: 0.010230046 | Q70: IMPNRGZ | S70: elc_wof_MYS_002 | T70: S02aH04 | U70: 0.013235884 | V70: IMPNRGZ | AC70: elc_industry | AD70: S02aH04 | AE70: 0.013129243
... I106: elc_spv_MYS_002 | J106: S06aH08 | K106: 0 | L106: IMPNRGZ | N106: elc_won_MYS_002 | O106: S06aH08 | P106: 0.048952493 | Q106: IMPNRGZ | S106: elc_wof_MYS_002 | T106: S06aH08 | U106: 0.094878598 | V106: IMPNRGZ | AC106: elc_industry | AD106: S06aH08 | AE106: 0.055130245
I107: elc_spv_MYS_003 | J107: S01aH01 | K107: 0 | L107: IMPNRGZ | N107: elc_won_MYS_003 | O107: S01aH01 | P107: 0.019539375 | Q107: IMPNRGZ | S107: elc_wof_MYS_003 | T107: S01aH01 | U107: 0.039117541 | V107: IMPNRGZ
I108: elc_spv_MYS_003 | J108: S01aH02 | K108: 0.0090906333 | L108: IMPNRGZ | N108: elc_won_MYS_003 | O108: S01aH02 | P108: 0.0041542095 | Q108: IMPNRGZ | S108: elc_wof_MYS_003 | T108: S01aH02 | U108: 0.011981954 | V108: IMPNRGZ
I109: elc_spv_MYS_003 | J109: S01aH03 | K109: 0.0071870293 | L109: IMPNRGZ | N109: elc_won_MYS_003 | O109: S01aH03 | P109: 0.0021893971 | Q109: IMPNRGZ | S109: elc_wof_MYS_003 | T109: S01aH03 | U109: 0.0062552091 | V109: IMPNRGZ
I110: elc_spv_MYS_003 | J110: S01aH04 | K110: 0.0077698001 | L110: IMPNRGZ | N110: elc_won_MYS_003 | O110: S01aH04 | P110: 0.0026239354 | Q110: IMPNRGZ | S110: elc_wof_MYS_003 | T110: S01aH04 | U110: 0.006515145 | V110: IMPNRGZ
I111: elc_spv_MYS_003 | J111: S01aH05 | K111: 0.022211857 | L111: IMPNRGZ | N111: elc_won_MYS_003 | O111: S01aH05 | P111: 0.0098820932 | Q111: IMPNRGZ | S111: elc_wof_MYS_003 | T111: S01aH05 | U111: 0.019684719 | V111: IMPNRGZ
I112: elc_spv_MYS_003 | J112: S01aH06 | K112: 0.010955757 | L112: IMPNRGZ | N112: elc_won_MYS_003 | O112: S01aH06 | P112: 0.0067410686 | Q112: IMPNRGZ | S112: elc_wof_MYS_003 | T112: S01aH06 | U112: 0.012664252 | V112: IMPNRGZ
I113: elc_spv_MYS_003 | J113: S01aH07 | K113: 0.005204726 | L113: IMPNRGZ | N113: elc_won_MYS_003 | O113: S01aH07 | P113: 0.0067448569 | Q113: IMPNRGZ | S113: elc_wof_MYS_003 | T113: S01aH07 | U113: 0.011946697 | V113: IMPNRGZ
I114: elc_spv_MYS_003 | J114: S01aH08 | K114: 0 | L114: IMPNRGZ | N114: elc_won_MYS_003 | O114: S01aH08 | P114: 0.019099948 | Q114: IMPNRGZ | S114: elc_wof_MYS_003 | T114: S01aH08 | U114: 0.03609446 | V114: IMPNRGZ
I115: elc_spv_MYS_003 | J115: S02aH01 | K115: 0.00585008 | L115: IMPNRGZ | N115: elc_won_MYS_003 | O115: S02aH01 | P115: 0.065878036 | Q115: IMPNRGZ | S115: elc_wof_MYS_003 | T115: S02aH01 | U115: 0.080592039 | V115: IMPNRGZ
I116: elc_spv_MYS_003 | J116: S02aH02 | K116: 0.049608916 | L116: IMPNRGZ | N116: elc_won_MYS_003 | O116: S02aH02 | P116: 0.015406928 | Q116: IMPNRGZ | S116: elc_wof_MYS_003 | T116: S02aH02 | U116: 0.026516014 | V116: IMPNRGZ
I117: elc_spv_MYS_003 | J117: S02aH03 | K117: 0.036543586 | L117: IMPNRGZ | N117: elc_won_MYS_003 | O117: S02aH03 | P117: 0.0085236508 | Q117: IMPNRGZ | S117: elc_wof_MYS_003 | T117: S02aH03 | U117: 0.014163261 | V117: IMPNRGZ
I118: elc_spv_MYS_003 | J118: S02aH04 | K118: 0.040095768 | L118: IMPNRGZ | N118: elc_won_MYS_003 | O118: S02aH04 | P118: 0.0093506413 | Q118: IMPNRGZ | S118: elc_wof_MYS_003 | T118: S02aH04 | U118: 0.014197677 | V118: IMPNRGZ
... I490: elc_spv_MYS_010 | J490: S06aH08 | K490: 0 | L490: IMPNRGZ | N490: elc_won_MYS_010 | O490: S06aH08 | P490: 0.095746917 | Q490: IMPNRGZ | S490: elc_wof_MYS_010 | T490: S06aH08 | U490: 0.05236433 | V490: IMPNRGZ
I491: elc_spv_MYS_011 | J491: S01aH01 | K491: 8.0632058e-07 | L491: IMPNRGZ
I492: elc_spv_MYS_011 | J492: S01aH02 | K492: 0.0054996295 | L492: IMPNRGZ
I493: elc_spv_MYS_011 | J493: S01aH03 | K493: 0.0056011668 | L493: IMPNRGZ
I494: elc_spv_MYS_011 | J494: S01aH04 | K494: 0.0063794822 | L494: IMPNRGZ
I495: elc_spv_MYS_011 | J495: S01aH05 | K495: 0.021235866 | L495: IMPNRGZ
I496: elc_spv_MYS_011 | J496: S01aH06 | K496: 0.010630573 | L496: IMPNRGZ
I497: elc_spv_MYS_011 | J497: S01aH07 | K497: 0.0049108968 | L497: IMPNRGZ
I498: elc_spv_MYS_011 | J498: S01aH08 | K498: 0 | L498: IMPNRGZ
I499: elc_spv_MYS_011 | J499: S02aH01 | K499: 0.0029388247 | L499: IMPNRGZ
I500: elc_spv_MYS_011 | J500: S02aH02 | K500: 0.037229479 | L500: IMPNRGZ
I501: elc_spv_MYS_011 | J501: S02aH03 | K501: 0.032421901 | L501: IMPNRGZ
I502: elc_spv_MYS_011 | J502: S02aH04 | K502: 0.038152016 | L502: IMPNRGZ
... I1162: elc_spv_MYS_024 | J1162: S06aH08 | K1162: 0.004991501 | L1162: IMPNRGZ

Sheet ts_144
C9: =IF(A11="x","DeActivated","~TimeSlices") -> DeActivated | I9: =IF(A11="x","DeActivated","~TFM_DINS-AT") -> DeActivated | N9: =IF(A11="x","DeActivated","~TFM_DINS-AT") -> DeActivated | S9: =IF(A11="x","DeActivated","~TFM_DINS-AT") -> DeActivated | X9: =IF(A11="x","DeActivated","~TFM_DINS-AT") -> DeActivated | AC9: =IF(A11="x","DeActivated","~TFM_DINS-AT") -> DeActivated | AG9: =IF(A11="x","DeActivated","~TFM_DINS-AT") -> DeActivated | AK9: =IF(A11="x","DeActivated","~TFM_INS-AT") -> DeActivated
A10: ts_144 | C10: season | D10: weekly | E10: daynite | F10: wparent | G10: dparent | I10: commodity | J10: timeslice | K10: com_fr | L10: process | N10: commodity | O10: timeslice | P10: com_fr | Q10: process | S10: commodity | T10: timeslice | U10: com_fr | V10: process | X10: g_yrfr | Y10: com_fr | Z10: timeslice | AA10: commodity | AC10: commodity | AD10: timeslice | AE10: com_fr | AG10: commodity | AH10: timeslice | AI10: com_pkflx | AK10: Year | AL10: timeslice | AM10: ncap_afs | AN10: pset_ci
A11: =IFERROR(IF(Veda!D5=A10,"ok","x"),"") -> x | C11: S01 | D11: a | E11: H01 | F11: S01,S02,S03,S04,S05,S06,S07,S08,S09 | G11: a | I11: elc_spv_MYS_001 | J11: S01aH01 | K11: 1.3380513e-06 | L11: IMPNRGZ | N11: elc_won_MYS_001 | O11: S01aH01 | P11: 0.0074914734 | Q11: IMPNRGZ | S11: elc_wof_MYS_001 | T11: S01aH01 | U11: 0.0095450179 | V11: IMPNRGZ | X11: 0.0039954338 | Y11: 0.00157787 | Z11: S01aH01 | AA11: elc_roadtransport | AC11: elc_buildings | AD11: S01aH01 | AE11: 0.0024928023 | AG11: ELC | AH11: S01aH01 | AI11: 0.068209773
C12: S02 | E12: H02 | G12: a | I12: elc_spv_MYS_001 | J12: S01aH02 | K12: 0.0014072517 | L12: IMPNRGZ | N12: elc_won_MYS_001 | O12: S01aH02 | P12: 0.0012041932 | Q12: IMPNRGZ | S12: elc_wof_MYS_001 | T12: S01aH02 | U12: 0.0022100896 | V12: IMPNRGZ | X12: 0.0011415525 | Y12: 0.0016822879 | Z12: S01aH02 | AA12: elc_roadtransport | AC12: elc_buildings | AD12: S01aH02 | AE12: 0.0010394333 | AG12: ELC | AH12: S01aH02 | AI12: 0.089391037
C13: S03 | E13: H03 | G13: a | I13: elc_spv_MYS_001 | J13: S01aH03 | K13: 0.0011050177 | L13: IMPNRGZ | N13: elc_won_MYS_001 | O13: S01aH03 | P13: 0.00049698167 | Q13: IMPNRGZ | S13: elc_wof_MYS_001 | T13: S01aH03 | U13: 0.0011911789 | V13: IMPNRGZ | X13: 0.00057077626 | Y13: 0.00072263796 | Z13: S01aH03 | AA13: elc_roadtransport | AC13: elc_buildings | AD13: S01aH03 | AE13: 0.00056831182 | AG13: ELC | AH13: S01aH03 | AI13: 0.049345263
C14: S04 | E14: H04 | G14: a | I14: elc_spv_MYS_001 | J14: S01aH04 | K14: 0.0012879245 | L14: IMPNRGZ | N14: elc_won_MYS_001 | O14: S01aH04 | P14: 0.00044656923 | Q14: IMPNRGZ | S14: elc_wof_MYS_001 | T14: S01aH04 | U14: 0.0012466793 | V14: IMPNRGZ | X14: 0.00057077626 | Y14: 0.00070440627 | Z14: S01aH04 | AA14: elc_roadtransport | AC14: elc_buildings | AD14: S01aH04 | AE14: 0.00060115855 | AG14: ELC | AH14: S01aH04 | AI14: 0.040436265
C15: S05 | E15: H05 | G15: a | I15: elc_spv_MYS_001 | J15: S01aH05 | K15: 0.0014638998 | L15: IMPNRGZ | N15: elc_won_MYS_001 | O15: S01aH05 | P15: 0.00047979755 | Q15: IMPNRGZ | S15: elc_wof_MYS_001 | T15: S01aH05 | U15: 0.0012484623 | V15: IMPNRGZ | X15: 0.00057077626 | Y15: 0.00070274884 | Z15: S01aH05 | AA15: elc_roadtransport | AC15: elc_buildings | AD15: S01aH05 | AE15: 0.0006061374 | AG15: ELC | AH15: S01aH05 | AI15: 0.035890212
C16: S06 | E16: H06 | G16: a | I16: elc_spv_MYS_001 | J16: S01aH06 | K16: 0.0014477826 | L16: IMPNRGZ | N16: elc_won_MYS_001 | O16: S01aH06 | P16: 0.00047722188 | Q16: IMPNRGZ | S16: elc_wof_MYS_001 | T16: S01aH06 | U16: 0.0012326645 | V16: IMPNRGZ | X16: 0.00057077626 | Y16: 0.0007126934 | Z16: S01aH06 | AA16: elc_roadtransport | AC16: elc_buildings | AD16: S01aH06 | AE16: 0.00061026525 | AG16: ELC | AH16: S01aH06 | AI16: 0.038704616
C17: S07 | E17: H07 | G17: a | I17: elc_spv_MYS_001 | J17: S01aH07 | K17: 0.0011223666 | L17: IMPNRGZ | N17: elc_won_MYS_001 | O17: S01aH07 | P17: 0.00045707506 | Q17: IMPNRGZ | S17: elc_wof_MYS_001 | T17: S01aH07 | U17: 0.0012607755 | V17: IMPNRGZ | X17: 0.00057077626 | Y17: 0.0007441845 | Z17: S01aH07 | AA17: elc_roadtransport | AC17: elc_buildings | AD17: S01aH07 | AE17: 0.00061325843 | AG17: ELC | AH17: S01aH07 | AI17: 0.036636788
C18: S08 | E18: H08 | G18: a | I18: elc_spv_MYS_001 | J18: S01aH08 | K18: 0.0010835067 | L18: IMPNRGZ | N18: elc_won_MYS_001 | O18: S01aH08 | P18: 0.00048917864 | Q18: IMPNRGZ | S18: elc_wof_MYS_001 | T18: S01aH08 | U18: 0.0013078024 | V18: IMPNRGZ | X18: 0.00057077626 | Y18: 0.00075247164 | Z18: S01aH08 | AA18: elc_roadtransport | AC18: elc_buildings | AD18: S01aH08 | AE18: 0.00061100866 | AG18: ELC | AH18: S01aH08 | AI18: 0.03797336
C19: S09 | E19: H09 | G19: a | I19: elc_spv_MYS_001 | J19: S01aH09 | K19: 0.00066753552 | L19: IMPNRGZ | N19: elc_won_MYS_001 | O19: S01aH09 | P19: 0.00046053326 | Q19: IMPNRGZ | S19: elc_wof_MYS_001 | T19: S01aH09 | U19: 0.001409079 | V19: IMPNRGZ | X19: 0.00057077626 | Y19: 0.00086186179 | Z19: S01aH09 | AA19: elc_roadtransport | AC19: elc_buildings | AD19: S01aH09 | AE19: 0.00060960988 | AG19: ELC | AH19: S01aH09 | AI19: 0.03926802
E20: H10 | G20: a | I20: elc_spv_MYS_001 | J20: S01aH10 | K20: 0.00031796664 | L20: IMPNRGZ | N20: elc_won_MYS_001 | O20: S01aH10 | P20: 0.00047566812 | Q20: IMPNRGZ | S20: elc_wof_MYS_001 | T20: S01aH10 | U20: 0.0014735161 | V20: IMPNRGZ | X20: 0.00057077626 | Y20: 0.0011104758 | Z20: S01aH10 | AA20: elc_roadtransport | AC20: elc_buildings | AD20: S01aH10 | AE20: 0.0006172689 | AG20: ELC | AH20: S01aH10 | AI20: 0.032954752
E21: H11 | G21: a | I21: elc_spv_MYS_001 | J21: S01aH11 | K21: 0.00017523793 | L21: IMPNRGZ | N21: elc_won_MYS_001 | O21: S01aH11 | P21: 0.00046562502 | Q21: IMPNRGZ | S21: elc_wof_MYS_001 | T21: S01aH11 | U21: 0.0013095466 | V21: IMPNRGZ | X21: 0.00057077626 | Y21: 0.0011104758 | Z21: S01aH11 | AA21: elc_roadtransport | AC21: elc_buildings | AD21: S01aH11 | AE21: 0.00062432146 | AG21: ELC | AH21: S01aH11 | AI21: 0.03506612
E22: H12 | G22: a | I22: elc_spv_MYS_001 | J22: S01aH12 | K22: 0 | L22: IMPNRGZ | N22: elc_won_MYS_001 | O22: S01aH12 | P22: 0.0035675606 | Q22: IMPNRGZ | S22: elc_wof_MYS_001 | T22: S01aH12 | U22: 0.0095572812 | V22: IMPNRGZ | X22: 0.0034246575 | Y22: 0.0030165163 | Z22: S01aH12 | AA22: elc_roadtransport | AC22: elc_buildings | AD22: S01aH12 | AE22: 0.0037232941 | AG22: ELC | AH22: S01aH12 | AI22: 0.098980993
I23: elc_spv_MYS_001 | J23: S02aH01 | K23: 0 | L23: IMPNRGZ | N23: elc_won_MYS_001 | O23: S02aH01 | P23: 0.02046162 | Q23: IMPNRGZ | S23: elc_wof_MYS_001 | T23: S02aH01 | U23: 0.039252801 | V23: IMPNRGZ | X23: 0.014383562 | Y23: 0.0056803321 | Z23: S02aH01 | AA23: elc_roadtransport | AC23: elc_buildings | AD23: S02aH01 | AE23: 0.0089634086 | AG23: ELC | AH23: S02aH01 | AI23: 0.072114199
I24: elc_spv_MYS_001 | J24: S02aH02 | K24: 0.0076469097 | L24: IMPNRGZ | N24: elc_won_MYS_001 | O24: S02aH02 | P24: 0.0041433298 | Q24: IMPNRGZ | S24: elc_wof_MYS_001 | T24: S02aH02 | U24: 0.011754271 | V24: IMPNRGZ | X24: 0.004109589 | Y24: 0.0060562365 | Z24: S02aH02 | AA24: elc_roadtransport | AC24: elc_buildings | AD24: S02aH02 | AE24: 0.0036235767 | AG24: ELC | AH24: S02aH02 | AI24: 0.10997531
I25: elc_spv_MYS_001 | J25: S02aH03 | K25: 0.0057058188 | L25: IMPNRGZ | N25: elc_won_MYS_001 | O25: S02aH03 | P25: 0.0024365425 | Q25: IMPNRGZ | S25: elc_wof_MYS_001 | T25: S02aH03 | U25: 0.0061105306 | V25: IMPNRGZ | X25: 0.0020547945 | Y25: 0.0026014967 | Z25: S02aH03 | AA25: elc_roadtransport | AC25: elc_buildings | AD25: S02aH03 | AE25: 0.001966079 | AG25: ELC | AH25: S02aH03 | AI25: 0.074116973
I26: elc_spv_MYS_001 | J26: S02aH04 | K26: 0.0062624475 | L26: IMPNRGZ | N26: elc_won_MYS_001 | O26: S02aH04 | P26: 0.0028848459 | Q26: IMPNRGZ | S26: elc_wof_MYS_001 | T26: S02aH04 | U26: 0.0060155046 | V26: IMPNRGZ | X26: 0.0020547945 | Y26: 0.0025358626 | Z26: S02aH04 | AA26: elc_roadtransport | AC26: elc_buildings | AD26: S02aH04 | AE26: 0.0021037066 | AG26: ELC | AH26: S02aH04 | AI26: 0.056377512
I27: elc_spv_MYS_001 | J27: S02aH05 | K27: 0.0064530678 | L27: IMPNRGZ | N27: elc_won_MYS_001 | O27: S02aH05 | P27: 0.0032685518 | Q27: IMPNRGZ | S27: elc_wof_MYS_001 | T27: S02aH05 | U27: 0.0057805228 | V27: IMPNRGZ | X27: 0.0020547945 | Y27: 0.0025298958 | Z27: S02aH05 | AA27: elc_roadtransport | AC27: elc_buildings | AD27: S02aH05 | AE27: 0.0021362403 | AG27: ELC | AH27: S02aH05 | AI27: 0.052164999
I28: elc_spv_MYS_001 | J28: S02aH06 | K28: 0.00632025 | L28: IMPNRGZ | N28: elc_won_MYS_001 | O28: S02aH06 | P28: 0.0033670924 | Q28: IMPNRGZ | S28: elc_wof_MYS_001 | T28: S02aH06 | U28: 0.0055095303 | V28: IMPNRGZ | X28: 0.0020547945 | Y28: 0.0025656962 | Z28: S02aH06 | AA28: elc_roadtransport | AC28: elc_buildings | AD28: S02aH06 | AE28: 0.0021612128 | AG28: ELC | AH28: S02aH06 | AI28: 0.048680739
I29: elc_spv_MYS_001 | J29: S02aH07 | K29: 0.0058570016 | L29: IMPNRGZ | N29: elc_won_MYS_001 | O29: S02aH07 | P29: 0.0033368283 | Q29: IMPNRGZ | S29: elc_wof_MYS_001 | T29: S02aH07 | U29: 0.0052567801 | V29: IMPNRGZ | X29: 0.0020547945 | Y29: 0.0026790642 | Z29: S02aH07 | AA29: elc_roadtransport | AC29: elc_buildings | AD29: S02aH07 | AE29: 0.0021530745 | AG29: ELC | AH29: S02aH07 | AI29: 0.050067566
I30: elc_spv_MYS_001 | J30: S02aH08 | K30: 0.0054669025 | L30: IMPNRGZ | N30: elc_won_MYS_001 | O30: S02aH08 | P30: 0.0033654309 | Q30: IMPNRGZ | S30: elc_wof_MYS_001 | T30: S02aH08 | U30: 0.0050784259 | V30: IMPNRGZ | X30: 0.0020547945 | Y30: 0.0027088979 | Z30: S02aH08 | AA30: elc_roadtransport | AC30: elc_buildings | AD30: S02aH08 | AE30: 0.0021470001 | AG30: ELC | AH30: S02aH08 | AI30: 0.051666352
I31: elc_spv_MYS_001 | J31: S02aH09 | K31: 0.00447351 | L31: IMPNRGZ | N31: elc_won_MYS_001 | O31: S02aH09 | P31: 0.0034273785 | Q31: IMPNRGZ | S31: elc_wof_MYS_001 | T31: S02aH09 | U31: 0.0051116009 | V31: IMPNRGZ | X31: 0.0020547945 | Y31: 0.0031027024 | Z31: S02aH09 | AA31: elc_roadtransport | AC31: elc_buildings | AD31: S02aH09 | AE31: 0.0021335895 | AG31: ELC | AH31: S02aH09 | AI31: 0.055213335
I32: elc_spv_MYS_001 | J32: S02aH10 | K32: 0.0030617162 | L32: IMPNRGZ | N32: elc_won_MYS_001 | O32: S02aH10 | P32: 0.0034361446 | Q32: IMPNRGZ | S32: elc_wof_MYS_001 | T32: S02aH10 | U32: 0.0054145698 | V32: IMPNRGZ | X32: 0.0020547945 | Y32: 0.0039977128 | Z32: S02aH10 | AA32: elc_roadtransport | AC32: elc_buildings | AD32: S02aH10 | AE32: 0.002152918 | AG32: ELC | AH32: S02aH10 | AI32: 0.050857831
I33: elc_spv_MYS_001 | J33: S02aH11 | K33: 0.0016385878 | L33: IMPNRGZ | N33: elc_won_MYS_001 | O33: S02aH11 | P33: 0.0034853332 | Q33: IMPNRGZ | S33: elc_wof_MYS_001 | T33: S02aH11 | U33: 0.0049707903 | V33: IMPNRGZ | X33: 0.0020547945 | Y33: 0.0039977128 | Z33: S02aH11 | AA33: elc_roadtransport | AC33: elc_buildings | AD33: S02aH11 | AE33: 0.0021969353 | AG33: ELC | AH33: S02aH11 | AI33: 0.049649855
I34: elc_spv_MYS_001 | J34: S02aH12 | K34: 0 | L34: IMPNRGZ | N34: elc_won_MYS_001 | O34: S02aH12 | P34: 0.02165012 | Q34: IMPNRGZ | S34: elc_wof_MYS_001 | T34: S02aH12 | U34: 0.034591102 | V34: IMPNRGZ | X34: 0.012328767 | Y34: 0.010859459 | Z34: S02aH12 | AA34: elc_roadtransport | AC34: elc_buildings | AD34: S02aH12 | AE34: 0.013416763 | AG34: ELC | AH34: S02aH12 | AI34: 0.10884809
... I118: elc_spv_MYS_001 | J118: S09aH12 | K118: 0 | L118: IMPNRGZ | N118: elc_won_MYS_001 | O118: S09aH12 | P118: 0.045428406 | Q118: IMPNRGZ | S118: elc_wof_MYS_001 | T118: S09aH12 | U118: 0.074611424 | V118: IMPNRGZ | X118: 0.054794521 | Y118: 0.04826426 | Z118: S09aH12 | AA118: elc_roadtransport | AC118: elc_buildings | AD118: S09aH12 | AE118: 0.051174968 | AG118: ELC | AH118: S09aH12 | AI118: 0.14374606
I119: elc_spv_MYS_002 | J119: S01aH01 | K119: 0 | L119: IMPNRGZ | N119: elc_won_MYS_002 | O119: S01aH01 | P119: 0.0044390425 | Q119: IMPNRGZ | S119: elc_wof_MYS_002 | T119: S01aH01 | U119: 0.011976387 | V119: IMPNRGZ | AC119: elc_industry | AD119: S01aH01 | AE119: 0.0039315503
I120: elc_spv_MYS_002 | J120: S01aH02 | K120: 0.0011869835 | L120: IMPNRGZ | N120: elc_won_MYS_002 | O120: S01aH02 | P120: 0.00096373527 | Q120: IMPNRGZ | S120: elc_wof_MYS_002 | T120: S01aH02 | U120: 0.0039569403 | V120: IMPNRGZ | AC120: elc_industry | AD120: S01aH02 | AE120: 0.0011405843
I121: elc_spv_MYS_002 | J121: S01aH03 | K121: 0.0010846842 | L121: IMPNRGZ | N121: elc_won_MYS_002 | O121: S01aH03 | P121: 0.00046869111 | Q121: IMPNRGZ | S121: elc_wof_MYS_002 | T121: S01aH03 | U121: 0.0019739594 | V121: IMPNRGZ | AC121: elc_industry | AD121: S01aH03 | AE121: 0.00057285914
I122: elc_spv_MYS_002 | J122: S01aH04 | K122: 0.0011878034 | L122: IMPNRGZ | N122: elc_won_MYS_002 | O122: S01aH04 | P122: 0.00047093568 | Q122: IMPNRGZ | S122: elc_wof_MYS_002 | T122: S01aH04 | U122: 0.0019007282 | V122: IMPNRGZ | AC122: elc_industry | AD122: S01aH04 | AE122: 0.00057459424
I123: elc_spv_MYS_002 | J123: S01aH05 | K123: 0.0011710478 | L123: IMPNRGZ | N123: elc_won_MYS_002 | O123: S01aH05 | P123: 0.00045905604 | Q123: IMPNRGZ | S123: elc_wof_MYS_002 | T123: S01aH05 | U123: 0.001802403 | V123: IMPNRGZ | AC123: elc_industry | AD123: S01aH05 | AE123: 0.00057485724
I124: elc_spv_MYS_002 | J124: S01aH06 | K124: 0.0012469089 | L124: IMPNRGZ | N124: elc_won_MYS_002 | O124: S01aH06 | P124: 0.00054556885 | Q124: IMPNRGZ | S124: elc_wof_MYS_002 | T124: S01aH06 | U124: 0.0016863207 | V124: IMPNRGZ | AC124: elc_industry | AD124: S01aH06 | AE124: 0.00057507529
I125: elc_spv_MYS_002 | J125: S01aH07 | K125: 0.0012741617 | L125: IMPNRGZ | N125: elc_won_MYS_002 | O125: S01aH07 | P125: 0.00059436948 | Q125: IMPNRGZ | S125: elc_wof_MYS_002 | T125: S01aH07 | U125: 0.001565512 | V125: IMPNRGZ | AC125: elc_industry | AD125: S01aH07 | AE125: 0.0005752334
I126: elc_spv_MYS_002 | J126: S01aH08 | K126: 0.0011843976 | L126: IMPNRGZ | N126: elc_won_MYS_002 | O126: S01aH08 | P126: 0.00062470669 | Q126: IMPNRGZ | S126: elc_wof_MYS_002 | T126: S01aH08 | U126: 0.0014672746 | V126: IMPNRGZ | AC126: elc_industry | AD126: S01aH08 | AE126: 0.00057511456
I127: elc_spv_MYS_002 | J127: S01aH09 | K127: 0.00091951315 | L127: IMPNRGZ | N127: elc_won_MYS_002 | O127: S01aH09 | P127: 0.00063348732 | Q127: IMPNRGZ | S127: elc_wof_MYS_002 | T127: S01aH09 | U127: 0.0014674141 | V127: IMPNRGZ | AC127: elc_industry | AD127: S01aH09 | AE127: 0.00057504067
I128: elc_spv_MYS_002 | J128: S01aH10 | K128: 0.0006044369 | L128: IMPNRGZ | N128: elc_won_MYS_002 | O128: S01aH10 | P128: 0.00070191862 | Q128: IMPNRGZ | S128: elc_wof_MYS_002 | T128: S01aH10 | U128: 0.0015001259 | V128: IMPNRGZ | AC128: elc_industry | AD128: S01aH10 | AE128: 0.00057544525
I129: elc_spv_MYS_002 | J129: S01aH11 | K129: 0.00029471125 | L129: IMPNRGZ | N129: elc_won_MYS_002 | O129: S01aH11 | P129: 0.0004975287 | Q129: IMPNRGZ | S129: elc_wof_MYS_002 | T129: S01aH11 | U129: 0.0012038136 | V129: IMPNRGZ | AC129: elc_industry | AD129: S01aH11 | AE129: 0.0005758178
I130: elc_spv_MYS_002 | J130: S01aH12 | K130: 0 | L130: IMPNRGZ | N130: elc_won_MYS_002 | O130: S01aH12 | P130: 0.0027899977 | Q130: IMPNRGZ | S130: elc_wof_MYS_002 | T130: S01aH12 | U130: 0.0090468195 | V130: IMPNRGZ | AC130: elc_industry | AD130: S01aH12 | AE130: 0.0034537111
... I226: elc_spv_MYS_002 | J226: S09aH12 | K226: 0 | L226: IMPNRGZ | N226: elc_won_MYS_002 | O226: S09aH12 | P226: 0.048952493 | Q226: IMPNRGZ | S226: elc_wof_MYS_002 | T226: S09aH12 | U226: 0.094878598 | V226: IMPNRGZ | AC226: elc_industry | AD226: S09aH12 | AE226: 0.055130245
I227: elc_spv_MYS_003 | J227: S01aH01 | K227: 0 | L227: IMPNRGZ | N227: elc_won_MYS_003 | O227: S01aH01 | P227: 0.0045143782 | Q227: IMPNRGZ | S227: elc_wof_MYS_003 | T227: S01aH01 | U227: 0.011778336 | V227: IMPNRGZ
I228: elc_spv_MYS_003 | J228: S01aH02 | K228: 0.0012441759 | L228: IMPNRGZ | N228: elc_won_MYS_003 | O228: S01aH02 | P228: 0.00095876665 | Q228: IMPNRGZ | S228: elc_wof_MYS_003 | T228: S01aH02 | U228: 0.0038390932 | V228: IMPNRGZ
I229: elc_spv_MYS_003 | J229: S01aH03 | K229: 0.0011064707 | L229: IMPNRGZ | N229: elc_won_MYS_003 | O229: S01aH03 | P229: 0.0003933565 | Q229: IMPNRGZ | S229: elc_wof_MYS_003 | T229: S01aH03 | U229: 0.0019158809 | V229: IMPNRGZ
I230: elc_spv_MYS_003 | J230: S01aH04 | K230: 0.00123487 | L230: IMPNRGZ | N230: elc_won_MYS_003 | O230: S01aH04 | P230: 0.00041501028 | Q230: IMPNRGZ | S230: elc_wof_MYS_003 | T230: S01aH04 | U230: 0.0019200621 | V230: IMPNRGZ
I231: elc_spv_MYS_003 | J231: S01aH05 | K231: 0.0013640363 | L231: IMPNRGZ | N231: elc_won_MYS_003 | O231: S01aH05 | P231: 0.00046171243 | Q231: IMPNRGZ | S231: elc_wof_MYS_003 | T231: S01aH05 | U231: 0.0018992572 | V231: IMPNRGZ
I232: elc_spv_MYS_003 | J232: S01aH06 | K232: 0.00136036 | L232: IMPNRGZ | N232: elc_won_MYS_003 | O232: S01aH06 | P232: 0.00047689204 | Q232: IMPNRGZ | S232: elc_wof_MYS_003 | T232: S01aH06 | U232: 0.0018503736 | V232: IMPNRGZ
I233: elc_spv_MYS_003 | J233: S01aH07 | K233: 0.0010800799 | L233: IMPNRGZ | N233: elc_won_MYS_003 | O233: S01aH07 | P233: 0.00047361308 | Q233: IMPNRGZ | S233: elc_wof_MYS_003 | T233: S01aH07 | U233: 0.0017632794 | V233: IMPNRGZ
I234: elc_spv_MYS_003 | J234: S01aH08 | K234: 0.00093716852 | L234: IMPNRGZ | N234: elc_won_MYS_003 | O234: S01aH08 | P234: 0.00045899939 | Q234: IMPNRGZ | S234: elc_wof_MYS_003 | T234: S01aH08 | U234: 0.0016632723 | V234: IMPNRGZ
I235: elc_spv_MYS_003 | J235: S01aH09 | K235: 0.00064735139 | L235: IMPNRGZ | N235: elc_won_MYS_003 | O235: S01aH09 | P235: 0.00044099585 | Q235: IMPNRGZ | S235: elc_wof_MYS_003 | T235: S01aH09 | U235: 0.0016319269 | V235: IMPNRGZ
I236: elc_spv_MYS_003 | J236: S01aH10 | K236: 0.0003413764 | L236: IMPNRGZ | N236: elc_won_MYS_003 | O236: S01aH10 | P236: 0.00044720804 | Q236: IMPNRGZ | S236: elc_wof_MYS_003 | T236: S01aH10 | U236: 0.0017125703 | V236: IMPNRGZ
I237: elc_spv_MYS_003 | J237: S01aH11 | K237: 0.00021101214 | L237: IMPNRGZ | N237: elc_won_MYS_003 | O237: S01aH11 | P237: 0.00043793597 | Q237: IMPNRGZ | S237: elc_wof_MYS_003 | T237: S01aH11 | U237: 0.0013883781 | V237: IMPNRGZ
I238: elc_spv_MYS_003 | J238: S01aH12 | K238: 0 | L238: IMPNRGZ | N238: elc_won_MYS_003 | O238: S01aH12 | P238: 0.0018686709 | Q238: IMPNRGZ | S238: elc_wof_MYS_003 | T238: S01aH12 | U238: 0.0092767345 | V238: IMPNRGZ
... I1090: elc_spv_MYS_010 | J1090: S09aH12 | K1090: 0 | L1090: IMPNRGZ | N1090: elc_won_MYS_010 | O1090: S09aH12 | P1090: 0.095746917 | Q1090: IMPNRGZ | S1090: elc_wof_MYS_010 | T1090: S09aH12 | U1090: 0.05236433 | V1090: IMPNRGZ
I1091: elc_spv_MYS_011 | J1091: S01aH01 | K1091: 8.0632058e-07 | L1091: IMPNRGZ
I1092: elc_spv_MYS_011 | J1092: S01aH02 | K1092: 0.0011173474 | L1092: IMPNRGZ
I1093: elc_spv_MYS_011 | J1093: S01aH03 | K1093: 0.0011851209 | L1093: IMPNRGZ
I1094: elc_spv_MYS_011 | J1094: S01aH04 | K1094: 0.0013626531 | L1094: IMPNRGZ
I1095: elc_spv_MYS_011 | J1095: S01aH05 | K1095: 0.0016163838 | L1095: IMPNRGZ
I1096: elc_spv_MYS_011 | J1096: S01aH06 | K1096: 0.0015108376 | L1096: IMPNRGZ
I1097: elc_spv_MYS_011 | J1097: S01aH07 | K1097: 0.0014369864 | L1097: IMPNRGZ
I1098: elc_spv_MYS_011 | J1098: S01aH08 | K1098: 0.0012755457 | L1098: IMPNRGZ
I1099: elc_spv_MYS_011 | J1099: S01aH09 | K1099: 0.00091716406 | L1099: IMPNRGZ
I1100: elc_spv_MYS_011 | J1100: S01aH10 | K1100: 0.00054413898 | L1100: IMPNRGZ
I1101: elc_spv_MYS_011 | J1101: S01aH11 | K1101: 0.00029423442 | L1101: IMPNRGZ
I1102: elc_spv_MYS_011 | J1102: S01aH12 | K1102: 0 | L1102: IMPNRGZ
... I2602: elc_spv_MYS_024 | J2602: S09aH12 | K2602: 0.004991501 | L2602: IMPNRGZ

Sheet ts_288
C9: =IF(A11="x","DeActivated","~TimeSlices") -> DeActivated | I9: =IF(A11="x","DeActivated","~TFM_DINS-AT") -> DeActivated | N9: =IF(A11="x","DeActivated","~TFM_DINS-AT") -> DeActivated | S9: =IF(A11="x","DeActivated","~TFM_DINS-AT") -> DeActivated | X9: =IF(A11="x","DeActivated","~TFM_DINS-AT") -> DeActivated | AC9: =IF(A11="x","DeActivated","~TFM_DINS-AT") -> DeActivated | AG9: =IF(A11="x","DeActivated","~TFM_DINS-AT") -> DeActivated | AK9: =IF(A11="x","DeActivated","~TFM_INS-AT") -> DeActivated
A10: ts_288 | C10: season | D10: weekly | E10: daynite | F10: wparent | G10: dparent | I10: commodity | J10: timeslice | K10: com_fr | L10: process | N10: commodity | O10: timeslice | P10: com_fr | Q10: process | S10: commodity | T10: timeslice | U10: com_fr | V10: process | X10: g_yrfr | Y10: com_fr | Z10: timeslice | AA10: commodity | AC10: commodity | AD10: timeslice | AE10: com_fr | AG10: commodity | AH10: timeslice | AI10: com_pkflx | AK10: Year | AL10: timeslice | AM10: ncap_afs | AN10: pset_ci
A11: =IFERROR(IF(Veda!D5=A10,"ok","x"),"") -> x | C11: S01 | D11: a | E11: H01 | F11: S01,S02,S03,S04,S05,S06,S07,S08,S09,S10,S11,S12,S13,S14 | G11: a | I11: elc_spv_MYS_001 | J11: S01aH01 | K11: 0.00010020205 | L11: IMPNRGZ | N11: elc_won_MYS_001 | O11: S01aH01 | P11: 0.0097965968 | Q11: IMPNRGZ | S11: elc_wof_MYS_001 | T11: S01aH01 | U11: 0.022284117 | V11: IMPNRGZ | X11: 0.0071917808 | Y11: 0.0028401661 | Z11: S01aH01 | AA11: elc_roadtransport | AC11: elc_buildings | AD11: S01aH01 | AE11: 0.0042208268 | AG11: ELC | AH11: S01aH01 | AI11: 0.092756442
C12: S02 | E12: H02 | G12: a | I12: elc_spv_MYS_001 | J12: S01aH02 | K12: 0.0023622281 | L12: IMPNRGZ | N12: elc_won_MYS_001 | O12: S01aH02 | P12: 0.0017532974 | Q12: IMPNRGZ | S12: elc_wof_MYS_001 | T12: S01aH02 | U12: 0.0058264 | V12: IMPNRGZ | X12: 0.0020547945 | Y12: 0.0030281182 | Z12: S01aH02 | AA12: elc_roadtransport | AC12: elc_buildings | AD12: S01aH02 | AE12: 0.0017200076 | AG12: ELC | AH12: S01aH02 | AI12: 0.13368694
C13: S03 | E13: H03 | G13: a | I13: elc_spv_MYS_001 | J13: S01aH03 | K13: 0.0019633026 | L13: IMPNRGZ | N13: elc_won_MYS_001 | O13: S01aH03 | P13: 0.0008182118 | Q13: IMPNRGZ | S13: elc_wof_MYS_001 | T13: S01aH03 | U13: 0.003012242 | V13: IMPNRGZ | X13: 0.0010273973 | Y13: 0.0013007483 | Z13: S01aH03 | AA13: elc_roadtransport | AC13: elc_buildings | AD13: S01aH03 | AE13: 0.0009120372 | AG13: ELC | AH13: S01aH03 | AI13: 0.11105488
C14: S04 | E14: H04 | G14: a | I14: elc_spv_MYS_001 | J14: S01aH04 | K14: 0.0021385264 | L14: IMPNRGZ | N14: elc_won_MYS_001 | O14: S01aH04 | P14: 0.00076499189 | Q14: IMPNRGZ | S14: elc_wof_MYS_001 | T14: S01aH04 | U14: 0.0030677385 | V14: IMPNRGZ | X14: 0.0010273973 | Y14: 0.0012679313 | Z14: S01aH04 | AA14: elc_roadtransport | AC14: elc_buildings | AD14: S01aH04 | AE14: 0.00094894331 | AG14: ELC | AH14: S01aH04 | AI14: 0.11275718
C15: S05 | E15: H05 | G15: a | I15: elc_spv_MYS_001 | J15: S01aH05 | K15: 0.0024110654 | L15: IMPNRGZ | N15: elc_won_MYS_001 | O15: S01aH05 | P15: 0.00081635507 | Q15: IMPNRGZ | S15: elc_wof_MYS_001 | T15: S01aH05 | U15: 0.0030695108 | V15: IMPNRGZ | X15: 0.0010273973 | Y15: 0.0012649479 | Z15: S01aH05 | AA15: elc_roadtransport | AC15: elc_buildings | AD15: S01aH05 | AE15: 0.00095994765 | AG15: ELC | AH15: S01aH05 | AI15: 0.10635172
C16: S06 | E16: H06 | G16: a | I16: elc_spv_MYS_001 | J16: S01aH06 | K16: 0.0023254927 | L16: IMPNRGZ | N16: elc_won_MYS_001 | O16: S01aH06 | P16: 0.00079880303 | Q16: IMPNRGZ | S16: elc_wof_MYS_001 | T16: S01aH06 | U16: 0.0030537276 | V16: IMPNRGZ | X16: 0.0010273973 | Y16: 0.0012828481 | Z16: S01aH06 | AA16: elc_roadtransport | AC16: elc_buildings | AD16: S01aH06 | AE16: 0.00096682414 | AG16: ELC | AH16: S01aH06 | AI16: 0.10940474
C17: S07 | E17: H07 | G17: a | I17: elc_spv_MYS_001 | J17: S01aH07 | K17: 0.0020342241 | L17: IMPNRGZ | N17: elc_won_MYS_001 | O17: S01aH07 | P17: 0.00082799796 | Q17: IMPNRGZ | S17: elc_wof_MYS_001 | T17: S01aH07 | U17: 0.0030818386 | V17: IMPNRGZ | X17: 0.0010273973 | Y17: 0.0013395321 | Z17: S01aH07 | AA17: elc_roadtransport | AC17: elc_buildings | AD17: S01aH07 | AE17: 0.00097193993 | AG17: ELC | AH17: S01aH07 | AI17: 0.10715446
C18: S08 | E18: H08 | G18: a | I18: elc_spv_MYS_001 | J18: S01aH08 | K18: 0.0018333306 | L18: IMPNRGZ | N18: elc_won_MYS_001 | O18: S01aH08 | P18: 0.00089287799 | Q18: IMPNRGZ | S18: elc_wof_MYS_001 | T18: S01aH08 | U18: 0.0031129521 | V18: IMPNRGZ | X18: 0.0010273973 | Y18: 0.0013544489 | Z18: S01aH08 | AA18: elc_roadtransport | AC18: elc_buildings | AD18: S01aH08 | AE18: 0.00096889785 | AG18: ELC | AH18: S01aH08 | AI18: 0.10814302
C19: S09 | E19: H09 | G19: a | I19: elc_spv_MYS_001 | J19: S01aH09 | K19: 0.0013246525 | L19: IMPNRGZ | N19: elc_won_MYS_001 | O19: S01aH09 | P19: 0.00096511647 | Q19: IMPNRGZ | S19: elc_wof_MYS_001 | T19: S01aH09 | U19: 0.0032255662 | V19: IMPNRGZ | X19: 0.0010273973 | Y19: 0.0015513512 | Z19: S01aH09 | AA19: elc_roadtransport | AC19: elc_buildings | AD19: S01aH09 | AE19: 0.00096944562 | AG19: ELC | AH19: S01aH09 | AI19: 0.10782248
C20: S10 | E20: H10 | G20: a | I20: elc_spv_MYS_001 | J20: S01aH10 | K20: 0.0006456601 | L20: IMPNRGZ | N20: elc_won_MYS_001 | O20: S01aH10 | P20: 0.0009936683 | Q20: IMPNRGZ | S20: elc_wof_MYS_001 | T20: S01aH10 | U20: 0.0032945792 | V20: IMPNRGZ | X20: 0.0010273973 | Y20: 0.0019988564 | Z20: S01aH10 | AA20: elc_roadtransport | AC20: elc_buildings | AD20: S01aH10 | AE20: 0.00098323772 | AG20: ELC | AH20: S01aH10 | AI20: 0.1005969
C21: S11 | E21: H11 | G21: a | I21: elc_spv_MYS_001 | J21: S01aH11 | K21: 0.00030591532 | L21: IMPNRGZ | N21: elc_won_MYS_001 | O21: S01aH11 | P21: 0.0010493859 | Q21: IMPNRGZ | S21: elc_wof_MYS_001 | T21: S01aH11 | U21: 0.0031203519 | V21: IMPNRGZ | X21: 0.0010273973 | Y21: 0.0019988564 | Z21: S01aH11 | AA21: elc_roadtransport | AC21: elc_buildings | AD21: S01aH11 | AE21: 0.001003877 | AG21: ELC | AH21: S01aH11 | AI21: 0.097856085
C22: S12 | E22: H12 | G22: a | I22: elc_spv_MYS_001 | J22: S01aH12 | K22: 0 | L22: IMPNRGZ | N22: elc_won_MYS_001 | O22: S01aH12 | P22: 0.0067873555 | Q22: IMPNRGZ | S22: elc_wof_MYS_001 | T22: S01aH12 | U22: 0.020469278 | V22: IMPNRGZ | X22: 0.0061643836 | Y22: 0.0054297293 | Z22: S01aH12 | AA22: elc_roadtransport | AC22: elc_buildings | AD22: S01aH12 | AE22: 0.006029884 | AG22: ELC | AH22: S01aH12 | AI22: 0.16111319
C23: S13 | I23: elc_spv_MYS_001 | J23: S02aH01 | K23: 0 | L23: IMPNRGZ | N23: elc_won_MYS_001 | O23: S02aH01 | P23: 0.02046162 | Q23: IMPNRGZ | S23: elc_wof_MYS_001 | T23: S02aH01 | U23: 0.039252801 | V23: IMPNRGZ | X23: 0.014383562 | Y23: 0.0056803321 | Z23: S02aH01 | AA23: elc_roadtransport | AC23: elc_buildings | AD23: S02aH01 | AE23: 0.0089634086 | AG23: ELC | AH23: S02aH01 | AI23: 0.072114199
C24: S14 | I24: elc_spv_MYS_001 | J24: S02aH02 | K24: 0.0076469097 | L24: IMPNRGZ | N24: elc_won_MYS_001 | O24: S02aH02 | P24: 0.0041433298 | Q24: IMPNRGZ | S24: elc_wof_MYS_001 | T24: S02aH02 | U24: 0.011754271 | V24: IMPNRGZ | X24: 0.004109589 | Y24: 0.0060562365 | Z24: S02aH02 | AA24: elc_roadtransport | AC24: elc_buildings | AD24: S02aH02 | AE24: 0.0036235767 | AG24: ELC | AH24: S02aH02 | AI24: 0.10997531
I25: elc_spv_MYS_001 | J25: S02aH03 | K25: 0.0057058188 | L25: IMPNRGZ | N25: elc_won_MYS_001 | O25: S02aH03 | P25: 0.0024365425 | Q25: IMPNRGZ | S25: elc_wof_MYS_001 | T25: S02aH03 | U25: 0.0061105306 | V25: IMPNRGZ | X25: 0.0020547945 | Y25: 0.0026014967 | Z25: S02aH03 | AA25: elc_roadtransport | AC25: elc_buildings | AD25: S02aH03 | AE25: 0.001966079 | AG25: ELC | AH25: S02aH03 | AI25: 0.074116973
I26: elc_spv_MYS_001 | J26: S02aH04 | K26: 0.0062624475 | L26: IMPNRGZ | N26: elc_won_MYS_001 | O26: S02aH04 | P26: 0.0028848459 | Q26: IMPNRGZ | S26: elc_wof_MYS_001 | T26: S02aH04 | U26: 0.0060155046 | V26: IMPNRGZ | X26: 0.0020547945 | Y26: 0.0025358626 | Z26: S02aH04 | AA26: elc_roadtransport | AC26: elc_buildings | AD26: S02aH04 | AE26: 0.0021037066 | AG26: ELC | AH26: S02aH04 | AI26: 0.056377512
I27: elc_spv_MYS_001 | J27: S02aH05 | K27: 0.0064530678 | L27: IMPNRGZ | N27: elc_won_MYS_001 | O27: S02aH05 | P27: 0.0032685518 | Q27: IMPNRGZ | S27: elc_wof_MYS_001 | T27: S02aH05 | U27: 0.0057805228 | V27: IMPNRGZ | X27: 0.0020547945 | Y27: 0.0025298958 | Z27: S02aH05 | AA27: elc_roadtransport | AC27: elc_buildings | AD27: S02aH05 | AE27: 0.0021362403 | AG27: ELC | AH27: S02aH05 | AI27: 0.052164999
I28: elc_spv_MYS_001 | J28: S02aH06 | K28: 0.00632025 | L28: IMPNRGZ | N28: elc_won_MYS_001 | O28: S02aH06 | P28: 0.0033670924 | Q28: IMPNRGZ | S28: elc_wof_MYS_001 | T28: S02aH06 | U28: 0.0055095303 | V28: IMPNRGZ | X28: 0.0020547945 | Y28: 0.0025656962 | Z28: S02aH06 | AA28: elc_roadtransport | AC28: elc_buildings | AD28: S02aH06 | AE28: 0.0021612128 | AG28: ELC | AH28: S02aH06 | AI28: 0.048680739
I29: elc_spv_MYS_001 | J29: S02aH07 | K29: 0.0058570016 | L29: IMPNRGZ | N29: elc_won_MYS_001 | O29: S02aH07 | P29: 0.0033368283 | Q29: IMPNRGZ | S29: elc_wof_MYS_001 | T29: S02aH07 | U29: 0.0052567801 | V29: IMPNRGZ | X29: 0.0020547945 | Y29: 0.0026790642 | Z29: S02aH07 | AA29: elc_roadtransport | AC29: elc_buildings | AD29: S02aH07 | AE29: 0.0021530745 | AG29: ELC | AH29: S02aH07 | AI29: 0.050067566
I30: elc_spv_MYS_001 | J30: S02aH08 | K30: 0.0054669025 | L30: IMPNRGZ | N30: elc_won_MYS_001 | O30: S02aH08 | P30: 0.0033654309 | Q30: IMPNRGZ | S30: elc_wof_MYS_001 | T30: S02aH08 | U30: 0.0050784259 | V30: IMPNRGZ | X30: 0.0020547945 | Y30: 0.0027088979 | Z30: S02aH08 | AA30: elc_roadtransport | AC30: elc_buildings | AD30: S02aH08 | AE30: 0.0021470001 | AG30: ELC | AH30: S02aH08 | AI30: 0.051666352
I31: elc_spv_MYS_001 | J31: S02aH09 | K31: 0.00447351 | L31: IMPNRGZ | N31: elc_won_MYS_001 | O31: S02aH09 | P31: 0.0034273785 | Q31: IMPNRGZ | S31: elc_wof_MYS_001 | T31: S02aH09 | U31: 0.0051116009 | V31: IMPNRGZ | X31: 0.0020547945 | Y31: 0.0031027024 | Z31: S02aH09 | AA31: elc_roadtransport | AC31: elc_buildings | AD31: S02aH09 | AE31: 0.0021335895 | AG31: ELC | AH31: S02aH09 | AI31: 0.055213335
I32: elc_spv_MYS_001 | J32: S02aH10 | K32: 0.0030617162 | L32: IMPNRGZ | N32: elc_won_MYS_001 | O32: S02aH10 | P32: 0.0034361446 | Q32: IMPNRGZ | S32: elc_wof_MYS_001 | T32: S02aH10 | U32: 0.0054145698 | V32: IMPNRGZ | X32: 0.0020547945 | Y32: 0.0039977128 | Z32: S02aH10 | AA32: elc_roadtransport | AC32: elc_buildings | AD32: S02aH10 | AE32: 0.002152918 | AG32: ELC | AH32: S02aH10 | AI32: 0.050857831
I33: elc_spv_MYS_001 | J33: S02aH11 | K33: 0.0016385878 | L33: IMPNRGZ | N33: elc_won_MYS_001 | O33: S02aH11 | P33: 0.0034853332 | Q33: IMPNRGZ | S33: elc_wof_MYS_001 | T33: S02aH11 | U33: 0.0049707903 | V33: IMPNRGZ | X33: 0.0020547945 | Y33: 0.0039977128 | Z33: S02aH11 | AA33: elc_roadtransport | AC33: elc_buildings | AD33: S02aH11 | AE33: 0.0021969353 | AG33: ELC | AH33: S02aH11 | AI33: 0.049649855
I34: elc_spv_MYS_001 | J34: S02aH12 | K34: 0 | L34: IMPNRGZ | N34: elc_won_MYS_001 | O34: S02aH12 | P34: 0.02165012 | Q34: IMPNRGZ | S34: elc_wof_MYS_001 | T34: S02aH12 | U34: 0.034591102 | V34: IMPNRGZ | X34: 0.012328767 | Y34: 0.010859459 | Z34: S02aH12 | AA34: elc_roadtransport | AC34: elc_buildings | AD34: S02aH12 | AE34: 0.013416763 | AG34: ELC | AH34: S02aH12 | AI34: 0.10884809
I35: elc_spv_MYS_001 | J35: S03aH01 | K35: 0 | L35: IMPNRGZ | N35: elc_won_MYS_001 | O35: S03aH01 | P35: 0.017815944 | Q35: IMPNRGZ | S35: elc_wof_MYS_001 | T35: S03aH01 | U35: 0.027857132 | V35: IMPNRGZ | X35: 0.014383562 | Y35: 0.0056803321 | Z35: S03aH01 | AA35: elc_roadtransport | AC35: elc_buildings | AD35: S03aH01 | AE35: 0.0084218388 | AG35: ELC | AH35: S03aH01 | AI35: 0.093599469
I36: elc_spv_MYS_001 | J36: S03aH02 | K36: 0.0077558148 | L36: IMPNRGZ | N36: elc_won_MYS_001 | O36: S03aH02 | P36: 0.005041624 | Q36: IMPNRGZ | S36: elc_wof_MYS_001 | T36: S03aH02 | U36: 0.0084961489 | V36: IMPNRGZ | X36: 0.004109589 | Y36: 0.0060562365 | Z36: S03aH02 | AA36: elc_roadtransport | AC36: elc_buildings | AD36: S03aH02 | AE36: 0.0034168684 | AG36: ELC | AH36: S03aH02 | AI36: 0.13722347
... I178: elc_spv_MYS_001 | J178: S14aH12 | K178: 0 | L178: IMPNRGZ | N178: elc_won_MYS_001 | O178: S14aH12 | P178: 0.002706503 | Q178: IMPNRGZ | S178: elc_wof_MYS_001 | T178: S14aH12 | U178: 0.026331303 | V178: IMPNRGZ | X178: 0.0075342466 | Y178: 0.0066363358 | Z178: S14aH12 | AA178: elc_roadtransport | AC178: elc_buildings | AD178: S14aH12 | AE178: 0.0070242543 | AG178: ELC | AH178: S14aH12 | AI178: 0.10631399
I179: elc_spv_MYS_002 | J179: S01aH01 | K179: 0 | L179: IMPNRGZ | N179: elc_won_MYS_002 | O179: S01aH01 | P179: 0.0096567969 | Q179: IMPNRGZ | S179: elc_wof_MYS_002 | T179: S01aH01 | U179: 0.024843931 | V179: IMPNRGZ | AC179: elc_industry | AD179: S01aH01 | AE179: 0.0070845305
I180: elc_spv_MYS_002 | J180: S01aH02 | K180: 0.0023619545 | L180: IMPNRGZ | N180: elc_won_MYS_002 | O180: S01aH02 | P180: 0.0019677807 | Q180: IMPNRGZ | S180: elc_wof_MYS_002 | T180: S01aH02 | U180: 0.0078245663 | V180: IMPNRGZ | AC180: elc_industry | AD180: S01aH02 | AE180: 0.0020513061
I181: elc_spv_MYS_002 | J181: S01aH03 | K181: 0.0021419137 | L181: IMPNRGZ | N181: elc_won_MYS_002 | O181: S01aH03 | P181: 0.0011086822 | Q181: IMPNRGZ | S181: elc_wof_MYS_002 | T181: S01aH03 | U181: 0.0039679908 | V181: IMPNRGZ | AC181: elc_industry | AD181: S01aH03 | AE181: 0.0010284017
I182: elc_spv_MYS_002 | J182: S01aH04 | K182: 0.0023768107 | L182: IMPNRGZ | N182: elc_won_MYS_002 | O182: S01aH04 | P182: 0.0011350837 | Q182: IMPNRGZ | S182: elc_wof_MYS_002 | T182: S01aH04 | U182: 0.0038254698 | V182: IMPNRGZ | AC182: elc_industry | AD182: S01aH04 | AE182: 0.0010303512
I183: elc_spv_MYS_002 | J183: S01aH05 | K183: 0.0024316483 | L183: IMPNRGZ | N183: elc_won_MYS_002 | O183: S01aH05 | P183: 0.0011815057 | Q183: IMPNRGZ | S183: elc_wof_MYS_002 | T183: S01aH05 | U183: 0.0036897979 | V183: IMPNRGZ | AC183: elc_industry | AD183: S01aH05 | AE183: 0.0010309325
I184: elc_spv_MYS_002 | J184: S01aH06 | K184: 0.0023880769 | L184: IMPNRGZ | N184: elc_won_MYS_002 | O184: S01aH06 | P184: 0.0013801368 | Q184: IMPNRGZ | S184: elc_wof_MYS_002 | T184: S01aH06 | U184: 0.003613868 | V184: IMPNRGZ | AC184: elc_industry | AD184: S01aH06 | AE184: 0.0010312957
I185: elc_spv_MYS_002 | J185: S01aH07 | K185: 0.0020924893 | L185: IMPNRGZ | N185: elc_won_MYS_002 | O185: S01aH07 | P185: 0.0015818711 | Q185: IMPNRGZ | S185: elc_wof_MYS_002 | T185: S01aH07 | U185: 0.0034572388 | V185: IMPNRGZ | AC185: elc_industry | AD185: S01aH07 | AE185: 0.001031566
I186: elc_spv_MYS_002 | J186: S01aH08 | K186: 0.0019244806 | L186: IMPNRGZ | N186: elc_won_MYS_002 | O186: S01aH08 | P186: 0.0016696337 | Q186: IMPNRGZ | S186: elc_wof_MYS_002 | T186: S01aH08 | U186: 0.0032771459 | V186: IMPNRGZ | AC186: elc_industry | AD186: S01aH08 | AE186: 0.0010314053
I187: elc_spv_MYS_002 | J187: S01aH09 | K187: 0.0015297476 | L187: IMPNRGZ | N187: elc_won_MYS_002 | O187: S01aH09 | P187: 0.0017643527 | Q187: IMPNRGZ | S187: elc_wof_MYS_002 | T187: S01aH09 | U187: 0.0033010234 | V187: IMPNRGZ | AC187: elc_industry | AD187: S01aH09 | AE187: 0.0010314342
I188: elc_spv_MYS_002 | J188: S01aH10 | K188: 0.0010275416 | L188: IMPNRGZ | N188: elc_won_MYS_002 | O188: S01aH10 | P188: 0.0019039932 | Q188: IMPNRGZ | S188: elc_wof_MYS_002 | T188: S01aH10 | U188: 0.0034238803 | V188: IMPNRGZ | AC188: elc_industry | AD188: S01aH10 | AE188: 0.0010321628
I189: elc_spv_MYS_002 | J189: S01aH11 | K189: 0.00051845172 | L189: IMPNRGZ | N189: elc_won_MYS_002 | O189: S01aH11 | P189: 0.0012245245 | Q189: IMPNRGZ | S189: elc_wof_MYS_002 | T189: S01aH11 | U189: 0.0033009739 | V189: IMPNRGZ | AC189: elc_industry | AD189: S01aH11 | AE189: 0.001033253
I190: elc_spv_MYS_002 | J190: S01aH12 | K190: 0 | L190: IMPNRGZ | N190: elc_won_MYS_002 | O190: S01aH12 | P190: 0.010017913 | Q190: IMPNRGZ | S190: elc_wof_MYS_002 | T190: S01aH12 | U190: 0.021374671 | V190: IMPNRGZ | AC190: elc_industry | AD190: S01aH12 | AE190: 0.0061998679
... I346: elc_spv_MYS_002 | J346: S14aH12 | K346: 0 | L346: IMPNRGZ | N346: elc_won_MYS_002 | O346: S14aH12 | P346: 0.0043797337 | Q346: IMPNRGZ | S346: elc_wof_MYS_002 | T346: S14aH12 | U346: 0.022331524 | V346: IMPNRGZ | AC346: elc_industry | AD346: S14aH12 | AE346: 0.0075879113
I347: elc_spv_MYS_003 | J347: S01aH01 | K347: 4.7226005e-05 | L347: IMPNRGZ | N347: elc_won_MYS_003 | O347: S01aH01 | P347: 0.0083770236 | Q347: IMPNRGZ | S347: elc_wof_MYS_003 | T347: S01aH01 | U347: 0.022546004 | V347: IMPNRGZ
I348: elc_spv_MYS_003 | J348: S01aH02 | K348: 0.0024626098 | L348: IMPNRGZ | N348: elc_won_MYS_003 | O348: S01aH02 | P348: 0.0016949923 | Q348: IMPNRGZ | S348: elc_wof_MYS_003 | T348: S01aH02 | U348: 0.0070598676 | V348: IMPNRGZ
I349: elc_spv_MYS_003 | J349: S01aH03 | K349: 0.0021525743 | L349: IMPNRGZ | N349: elc_won_MYS_003 | O349: S01aH03 | P349: 0.00083647717 | Q349: IMPNRGZ | S349: elc_wof_MYS_003 | T349: S01aH03 | U349: 0.0035978217 | V349: IMPNRGZ
I350: elc_spv_MYS_003 | J350: S01aH04 | K350: 0.0023699614 | L350: IMPNRGZ | N350: elc_won_MYS_003 | O350: S01aH04 | P350: 0.00089777232 | Q350: IMPNRGZ | S350: elc_wof_MYS_003 | T350: S01aH04 | U350: 0.0035734793 | V350: IMPNRGZ
I351: elc_spv_MYS_003 | J351: S01aH05 | K351: 0.0024780018 | L351: IMPNRGZ | N351: elc_won_MYS_003 | O351: S01aH05 | P351: 0.0010116265 | Q351: IMPNRGZ | S351: elc_wof_MYS_003 | T351: S01aH05 | U351: 0.0035184597 | V351: IMPNRGZ
I352: elc_spv_MYS_003 | J352: S01aH06 | K352: 0.0023846365 | L352: IMPNRGZ | N352: elc_won_MYS_003 | O352: S01aH06 | P352: 0.0010799062 | Q352: IMPNRGZ | S352: elc_wof_MYS_003 | T352: S01aH06 | U352: 0.0035369684 | V352: IMPNRGZ
I353: elc_spv_MYS_003 | J353: S01aH07 | K353: 0.0020801133 | L353: IMPNRGZ | N353: elc_won_MYS_003 | O353: S01aH07 | P353: 0.0011647561 | Q353: IMPNRGZ | S353: elc_wof_MYS_003 | T353: S01aH07 | U353: 0.003424896 | V353: IMPNRGZ
I354: elc_spv_MYS_003 | J354: S01aH08 | K354: 0.0017547738 | L354: IMPNRGZ | N354: elc_won_MYS_003 | O354: S01aH08 | P354: 0.0011752181 | Q354: IMPNRGZ | S354: elc_wof_MYS_003 | T354: S01aH08 | U354: 0.0032382836 | V354: IMPNRGZ
I355: elc_spv_MYS_003 | J355: S01aH09 | K355: 0.0012673961 | L355: IMPNRGZ | N355: elc_won_MYS_003 | O355: S01aH09 | P355: 0.0011597693 | Q355: IMPNRGZ | S355: elc_wof_MYS_003 | T355: S01aH09 | U355: 0.0032116458 | V355: IMPNRGZ
I356: elc_spv_MYS_003 | J356: S01aH10 | K356: 0.00069141878 | L356: IMPNRGZ | N356: elc_won_MYS_003 | O356: S01aH10 | P356: 0.0013237573 | Q356: IMPNRGZ | S356: elc_wof_MYS_003 | T356: S01aH10 | U356: 0.0033659572 | V356: IMPNRGZ
I357: elc_spv_MYS_003 | J357: S01aH11 | K357: 0.00035857976 | L357: IMPNRGZ | N357: elc_won_MYS_003 | O357: S01aH11 | P357: 0.0014312927 | Q357: IMPNRGZ | S357: elc_wof_MYS_003 | T357: S01aH11 | U357: 0.0031977778 | V357: IMPNRGZ
I358: elc_spv_MYS_003 | J358: S01aH12 | K358: 0 | L358: IMPNRGZ | N358: elc_won_MYS_003 | O358: S01aH12 | P358: 0.0063643401 | Q358: IMPNRGZ | S358: elc_wof_MYS_003 | T358: S01aH12 | U358: 0.020495022 | V358: IMPNRGZ
... I1690: elc_spv_MYS_010 | J1690: S14aH12 | K1690: 0 | L1690: IMPNRGZ | N1690: elc_won_MYS_010 | O1690: S14aH12 | P1690: 0.032402755 | Q1690: IMPNRGZ | S1690: elc_wof_MYS_010 | T1690: S14aH12 | U1690: 0.0097473323 | V1690: IMPNRGZ
I1691: elc_spv_MYS_011 | J1691: S01aH01 | K1691: 4.1786715e-05 | L1691: IMPNRGZ
I1692: elc_spv_MYS_011 | J1692: S01aH02 | K1692: 0.00245181 | L1692: IMPNRGZ
I1693: elc_spv_MYS_011 | J1693: S01aH03 | K1693: 0.0022936455 | L1693: IMPNRGZ
I1694: elc_spv_MYS_011 | J1694: S01aH04 | K1694: 0.0026886462 | L1694: IMPNRGZ
I1695: elc_spv_MYS_011 | J1695: S01aH05 | K1695: 0.0029318568 | L1695: IMPNRGZ
I1696: elc_spv_MYS_011 | J1696: S01aH06 | K1696: 0.0028545012 | L1696: IMPNRGZ
I1697: elc_spv_MYS_011 | J1697: S01aH07 | K1697: 0.0027074809 | L1697: IMPNRGZ
I1698: elc_spv_MYS_011 | J1698: S01aH08 | K1698: 0.0022079221 | L1698: IMPNRGZ
I1699: elc_spv_MYS_011 | J1699: S01aH09 | K1699: 0.0017613235 | L1699: IMPNRGZ
I1700: elc_spv_MYS_011 | J1700: S01aH10 | K1700: 0.00091593681 | L1700: IMPNRGZ
I1701: elc_spv_MYS_011 | J1701: S01aH11 | K1701: 0.00041001666 | L1701: IMPNRGZ
I1702: elc_spv_MYS_011 | J1702: S01aH12 | K1702: 0 | L1702: IMPNRGZ
... I4042: elc_spv_MYS_024 | J4042: S14aH12 | K4042: 0.00055548093 | L4042: IMPNRGZ

Sheet ts_072P10
C9: =IF(A11="x","DeActivated","~TimeSlices") -> DeActivated | I9: =IF(A11="x","DeActivated","~TFM_DINS-AT") -> DeActivated | N9: =IF(A11="x","DeActivated","~TFM_DINS-AT") -> DeActivated | S9: =IF(A11="x","DeActivated","~TFM_DINS-AT") -> DeActivated | X9: =IF(A11="x","DeActivated","~TFM_DINS-AT") -> DeActivated | AC9: =IF(A11="x","DeActivated","~TFM_DINS-AT") -> DeActivated | AG9: =IF(A11="x","DeActivated","~TFM_DINS-AT") -> DeActivated | AK9: =IF(A11="x","DeActivated","~TFM_INS-AT") -> DeActivated
A10: ts_072P10 | C10: season | D10: weekly | E10: daynite | F10: wparent | G10: dparent | I10: commodity | J10: timeslice | K10: com_fr | L10: process | N10: commodity | O10: timeslice | P10: com_fr | Q10: process | S10: commodity | T10: timeslice | U10: com_fr | V10: process | X10: g_yrfr | Y10: com_fr | Z10: timeslice | AA10: commodity | AC10: commodity | AD10: timeslice | AE10: com_fr | AG10: commodity | AH10: timeslice | AI10: com_pkflx | AK10: Year | AL10: timeslice | AM10: ncap_afs | AN10: pset_ci
A11: =IFERROR(IF(Veda!D5=A10,"ok","x"),"") -> x | C11: S01 | D11: a | E11: H01 | F11: S01,S02,S03,S04,S05,S06,S07,S08,S09 | G11: a | I11: elc_spv_MYS_001 | J11: S01aH01 | K11: 1.3380513e-06 | L11: IMPNRGZ | N11: elc_won_MYS_001 | O11: S01aH01 | P11: 0.0074914734 | Q11: IMPNRGZ | S11: elc_wof_MYS_001 | T11: S01aH01 | U11: 0.0095450179 | V11: IMPNRGZ | X11: 0.0039954338 | Y11: 0.00157787 | Z11: S01aH01 | AA11: elc_roadtransport | AC11: elc_buildings | AD11: S01aH01 | AE11: 0.0024928023 | AG11: ELC | AH11: S01aH01 | AI11: 0.068209773
C12: S02 | E12: H02 | G12: a | I12: elc_spv_MYS_001 | J12: S01aH02 | K12: 0.0014072517 | L12: IMPNRGZ | N12: elc_won_MYS_001 | O12: S01aH02 | P12: 0.0012041932 | Q12: IMPNRGZ | S12: elc_wof_MYS_001 | T12: S01aH02 | U12: 0.0022100896 | V12: IMPNRGZ | X12: 0.0011415525 | Y12: 0.0016822879 | Z12: S01aH02 | AA12: elc_roadtransport | AC12: elc_buildings | AD12: S01aH02 | AE12: 0.0010394333 | AG12: ELC | AH12: S01aH02 | AI12: 0.089391037
C13: S03 | E13: H03 | G13: a | I13: elc_spv_MYS_001 | J13: S01aH03 | K13: 0.0011050177 | L13: IMPNRGZ | N13: elc_won_MYS_001 | O13: S01aH03 | P13: 0.00049698167 | Q13: IMPNRGZ | S13: elc_wof_MYS_001 | T13: S01aH03 | U13: 0.0011911789 | V13: IMPNRGZ | X13: 0.00057077626 | Y13: 0.00072263796 | Z13: S01aH03 | AA13: elc_roadtransport | AC13: elc_buildings | AD13: S01aH03 | AE13: 0.00056831182 | AG13: ELC | AH13: S01aH03 | AI13: 0.049345263
C14: S04 | E14: H04 | G14: a | I14: elc_spv_MYS_001 | J14: S01aH04 | K14: 0.0053219736 | L14: IMPNRGZ | N14: elc_won_MYS_001 | O14: S01aH04 | P14: 0.0018606637 | Q14: IMPNRGZ | S14: elc_wof_MYS_001 | T14: S01aH04 | U14: 0.0049885815 | V14: IMPNRGZ | X14: 0.002283105 | Y14: 0.002864033 | Z14: S01aH04 | AA14: elc_roadtransport | AC14: elc_buildings | AD14: S01aH04 | AE14: 0.0024308196 | AG14: ELC | AH14: S01aH04 | AI14: 0.041779067
C15: S05 | E15: H05 | G15: a | I15: elc_spv_MYS_001 | J15: S01aH05 | K15: 0.0022442468 | L15: IMPNRGZ | N15: elc_won_MYS_001 | O15: S01aH05 | P15: 0.001891005 | Q15: IMPNRGZ | S15: elc_wof_MYS_001 | T15: S01aH05 | U15: 0.0054999441 | V15: IMPNRGZ | X15: 0.002283105 | Y15: 0.003835285 | Z15: S01aH05 | AA15: elc_roadtransport | AC15: elc_buildings | AD15: S01aH05 | AE15: 0.0024622089 | AG15: ELC | AH15: S01aH05 | AI15: 0.043117248
C16: S06 | E16: H06 | G16: a | I16: elc_spv_MYS_001 | J16: S01aH06 | K16: 0 | L16: IMPNRGZ | N16: elc_won_MYS_001 | O16: S01aH06 | P16: 0.0035675606 | Q16: IMPNRGZ | S16: elc_wof_MYS_001 | T16: S01aH06 | U16: 0.0095572812 | V16: IMPNRGZ | X16: 0.0034246575 | Y16: 0.0030165163 | Z16: S01aH06 | AA16: elc_roadtransport | AC16: elc_buildings | AD16: S01aH06 | AE16: 0.0037232941 | AG16: ELC | AH16: S01aH06 | AI16: 0.098980993
C17: S07 | I17: elc_spv_MYS_001 | J17: S02aH01 | K17: 0 | L17: IMPNRGZ | N17: elc_won_MYS_001 | O17: S02aH01 | P17: 0.02046162 | Q17: IMPNRGZ | S17: elc_wof_MYS_001 | T17: S02aH01 | U17: 0.039252801 | V17: IMPNRGZ | X17: 0.014383562 | Y17: 0.0056803321 | Z17: S02aH01 | AA17: elc_roadtransport | AC17: elc_buildings | AD17: S02aH01 | AE17: 0.0089634086 | AG17: ELC | AH17: S02aH01 | AI17: 0.072114199
C18: S08 | I18: elc_spv_MYS_001 | J18: S02aH02 | K18: 0.0076469097 | L18: IMPNRGZ | N18: elc_won_MYS_001 | O18: S02aH02 | P18: 0.0041433298 | Q18: IMPNRGZ | S18: elc_wof_MYS_001 | T18: S02aH02 | U18: 0.011754271 | V18: IMPNRGZ | X18: 0.004109589 | Y18: 0.0060562365 | Z18: S02aH02 | AA18: elc_roadtransport | AC18: elc_buildings | AD18: S02aH02 | AE18: 0.0036235767 | AG18: ELC | AH18: S02aH02 | AI18: 0.10997531
C19: S09 | I19: elc_spv_MYS_001 | J19: S02aH03 | K19: 0.0057058188 | L19: IMPNRGZ | N19: elc_won_MYS_001 | O19: S02aH03 | P19: 0.0024365425 | Q19: IMPNRGZ | S19: elc_wof_MYS_001 | T19: S02aH03 | U19: 0.0061105306 | V19: IMPNRGZ | X19: 0.0020547945 | Y19: 0.0026014967 | Z19: S02aH03 | AA19: elc_roadtransport | AC19: elc_buildings | AD19: S02aH03 | AE19: 0.001966079 | AG19: ELC | AH19: S02aH03 | AI19: 0.074116973
I20: elc_spv_MYS_001 | J20: S02aH04 | K20: 0.024892767 | L20: IMPNRGZ | N20: elc_won_MYS_001 | O20: S02aH04 | P20: 0.012857318 | Q20: IMPNRGZ | S20: elc_wof_MYS_001 | T20: S02aH04 | U20: 0.022562338 | V20: IMPNRGZ | X20: 0.0082191781 | Y20: 0.010310519 | Z20: S02aH04 | AA20: elc_roadtransport | AC20: elc_buildings | AD20: S02aH04 | AE20: 0.0085542342 | AG20: ELC | AH20: S02aH04 | AI20: 0.054648112
I21: elc_spv_MYS_001 | J21: S02aH05 | K21: 0.014640716 | L21: IMPNRGZ | N21: elc_won_MYS_001 | O21: S02aH05 | P21: 0.013714287 | Q21: IMPNRGZ | S21: elc_wof_MYS_001 | T21: S02aH05 | U21: 0.020575387 | V21: IMPNRGZ | X21: 0.0082191781 | Y21: 0.013807026 | Z21: S02aH05 | AA21: elc_roadtransport | AC21: elc_buildings | AD21: S02aH05 | AE21: 0.0086304429 | AG21: ELC | AH21: S02aH05 | AI21: 0.059968566
I22: elc_spv_MYS_001 | J22: S02aH06 | K22: 0 | L22: IMPNRGZ | N22: elc_won_MYS_001 | O22: S02aH06 | P22: 0.02165012 | Q22: IMPNRGZ | S22: elc_wof_MYS_001 | T22: S02aH06 | U22: 0.034591102 | V22: IMPNRGZ | X22: 0.012328767 | Y22: 0.010859459 | Z22: S02aH06 | AA22: elc_roadtransport | AC22: elc_buildings | AD22: S02aH06 | AE22: 0.013416763 | AG22: ELC | AH22: S02aH06 | AI22: 0.10884809
I23: elc_spv_MYS_001 | J23: S03aH01 | K23: 0.0050823782 | L23: IMPNRGZ | N23: elc_won_MYS_001 | O23: S03aH01 | P23: 0.077550264 | Q23: IMPNRGZ | S23: elc_wof_MYS_001 | T23: S03aH01 | U23: 0.083987982 | V23: IMPNRGZ | X23: 0.09109589 | Y23: 0.035975437 | Z23: S03aH01 | AA23: elc_roadtransport | AC23: elc_buildings | AD23: S03aH01 | AE23: 0.066397395 | AG23: ELC | AH23: S03aH01 | AI23: 0.2036251
I24: elc_spv_MYS_001 | J24: S03aH02 | K24: 0.044770665 | L24: IMPNRGZ | N24: elc_won_MYS_001 | O24: S03aH02 | P24: 0.018042835 | Q24: IMPNRGZ | S24: elc_wof_MYS_001 | T24: S03aH02 | U24: 0.024671906 | V24: IMPNRGZ | X24: 0.026027397 | Y24: 0.038356164 | Z24: S03aH02 | AA24: elc_roadtransport | AC24: elc_buildings | AD24: S03aH02 | AE24: 0.024819813 | AG24: ELC | AH24: S03aH02 | AI24: 0.16296052
I25: elc_spv_MYS_001 | J25: S03aH03 | K25: 0.034201691 | L25: IMPNRGZ | N25: elc_won_MYS_001 | O25: S03aH03 | P25: 0.010321159 | Q25: IMPNRGZ | S25: elc_wof_MYS_001 | T25: S03aH03 | U25: 0.012442204 | V25: IMPNRGZ | X25: 0.013013699 | Y25: 0.016476145 | Z25: S03aH03 | AA25: elc_roadtransport | AC25: elc_buildings | AD25: S03aH03 | AE25: 0.014421426 | AG25: ELC | AH25: S03aH03 | AI25: 0.10836604
I26: elc_spv_MYS_001 | J26: S03aH04 | K26: 0.15908929 | L26: IMPNRGZ | N26: elc_won_MYS_001 | O26: S03aH04 | P26: 0.048694982 | Q26: IMPNRGZ | S26: elc_wof_MYS_001 | T26: S03aH04 | U26: 0.046316922 | V26: IMPNRGZ | X26: 0.052054795 | Y26: 0.065299953 | Z26: S03aH04 | AA26: elc_roadtransport | AC26: elc_buildings | AD26: S03aH04 | AE26: 0.066422956 | AG26: ELC | AH26: S03aH04 | AI26: 0.17748595
I27: elc_spv_MYS_001 | J27: S03aH05 | K27: 0.094570183 | L27: IMPNRGZ | N27: elc_won_MYS_001 | O27: S03aH05 | P27: 0.063827154 | Q27: IMPNRGZ | S27: elc_wof_MYS_001 | T27: S03aH05 | U27: 0.040276106 | V27: IMPNRGZ | X27: 0.052054795 | Y27: 0.087444497 | Z27: S03aH05 | AA27: elc_roadtransport | AC27: elc_buildings | AD27: S03aH05 | AE27: 0.06807795 | AG27: ELC | AH27: S03aH05 | AI27: 0.16430981
I28: elc_spv_MYS_001 | J28: S03aH06 | K28: 0 | L28: IMPNRGZ | N28: elc_won_MYS_001 | O28: S03aH06 | P28: 0.083200114 | Q28: IMPNRGZ | S28: elc_wof_MYS_001 | T28: S03aH06 | U28: 0.072423131 | V28: IMPNRGZ | X28: 0.078082192 | Y28: 0.068776571 | Z28: S03aH06 | AA28: elc_roadtransport | AC28: elc_buildings | AD28: S03aH06 | AE28: 0.096848937 | AG28: ELC | AH28: S03aH06 | AI28: 0.16804071
I29: elc_spv_MYS_001 | J29: S04aH01 | K29: 0.0014527633 | L29: IMPNRGZ | N29: elc_won_MYS_001 | O29: S04aH01 | P29: 0.0046744543 | Q29: IMPNRGZ | S29: elc_wof_MYS_001 | T29: S04aH01 | U29: 0.00049575591 | V29: IMPNRGZ | X29: 0.012785388 | Y29: 0.0050491841 | Z29: S04aH01 | AA29: elc_roadtransport | AC29: elc_buildings | AD29: S04aH01 | AE29: 0.010227814 | AG29: ELC | AH29: S04aH01 | AI29: 0.11723364
I30: elc_spv_MYS_001 | J30: S04aH02 | K30: 0.0059606869 | L30: IMPNRGZ | N30: elc_won_MYS_001 | O30: S04aH02 | P30: 0.0010118688 | Q30: IMPNRGZ | S30: elc_wof_MYS_001 | T30: S04aH02 | U30: 0.00015911645 | V30: IMPNRGZ | X30: 0.003652968 | Y30: 0.0053833213 | Z30: S04aH02 | AA30: elc_roadtransport | AC30: elc_buildings | AD30: S04aH02 | AE30: 0.0035906006 | AG30: ELC | AH30: S04aH02 | AI30: 0.10329311
I31: elc_spv_MYS_001 | J31: S04aH03 | K31: 0.0044175687 | L31: IMPNRGZ | N31: elc_won_MYS_001 | O31: S04aH03 | P31: 0.00056372445 | Q31: IMPNRGZ | S31: elc_wof_MYS_001 | T31: S04aH03 | U31: 6.6866523e-05 | V31: IMPNRGZ | X31: 0.001826484 | Y31: 0.0023124415 | Z31: S04aH03 | AA31: elc_roadtransport | AC31: elc_buildings | AD31: S04aH03 | AE31: 0.0021800511 | AG31: ELC | AH31: S04aH03 | AI31: 0.064413895
... I64: elc_spv_MYS_001 | J64: S09aH06 | K64: 0 | L64: IMPNRGZ | N64: elc_won_MYS_001 | O64: S09aH06 | P64: 0.045428406 | Q64: IMPNRGZ | S64: elc_wof_MYS_001 | T64: S09aH06 | U64: 0.074611424 | V64: IMPNRGZ | X64: 0.054794521 | Y64: 0.04826426 | Z64: S09aH06 | AA64: elc_roadtransport | AC64: elc_buildings | AD64: S09aH06 | AE64: 0.051174968 | AG64: ELC | AH64: S09aH06 | AI64: 0.14374606
I65: elc_spv_MYS_002 | J65: S01aH01 | K65: 0 | L65: IMPNRGZ | N65: elc_won_MYS_002 | O65: S01aH01 | P65: 0.0044390425 | Q65: IMPNRGZ | S65: elc_wof_MYS_002 | T65: S01aH01 | U65: 0.011976387 | V65: IMPNRGZ | AC65: elc_industry | AD65: S01aH01 | AE65: 0.0039315503
I66: elc_spv_MYS_002 | J66: S01aH02 | K66: 0.0011869835 | L66: IMPNRGZ | N66: elc_won_MYS_002 | O66: S01aH02 | P66: 0.00096373527 | Q66: IMPNRGZ | S66: elc_wof_MYS_002 | T66: S01aH02 | U66: 0.0039569403 | V66: IMPNRGZ | AC66: elc_industry | AD66: S01aH02 | AE66: 0.0011405843
I67: elc_spv_MYS_002 | J67: S01aH03 | K67: 0.0010846842 | L67: IMPNRGZ | N67: elc_won_MYS_002 | O67: S01aH03 | P67: 0.00046869111 | Q67: IMPNRGZ | S67: elc_wof_MYS_002 | T67: S01aH03 | U67: 0.0019739594 | V67: IMPNRGZ | AC67: elc_industry | AD67: S01aH03 | AE67: 0.00057285914
I68: elc_spv_MYS_002 | J68: S01aH04 | K68: 0.0048799219 | L68: IMPNRGZ | N68: elc_won_MYS_002 | O68: S01aH04 | P68: 0.00206993 | Q68: IMPNRGZ | S68: elc_wof_MYS_002 | T68: S01aH04 | U68: 0.0069549639 | V68: IMPNRGZ | AC68: elc_industry | AD68: S01aH04 | AE68: 0.0022997602
I69: elc_spv_MYS_002 | J69: S01aH05 | K69: 0.0030030589 | L69: IMPNRGZ | N69: elc_won_MYS_002 | O69: S01aH05 | P69: 0.0024576413 | Q69: IMPNRGZ | S69: elc_wof_MYS_002 | T69: S01aH05 | U69: 0.0056386283 | V69: IMPNRGZ | AC69: elc_industry | AD69: S01aH05 | AE69: 0.0023014183
I70: elc_spv_MYS_002 | J70: S01aH06 | K70: 0 | L70: IMPNRGZ | N70: elc_won_MYS_002 | O70: S01aH06 | P70: 0.0027899977 | Q70: IMPNRGZ | S70: elc_wof_MYS_002 | T70: S01aH06 | U70: 0.0090468195 | V70: IMPNRGZ | AC70: elc_industry | AD70: S01aH06 | AE70: 0.0034537111
I71: elc_spv_MYS_002 | J71: S02aH01 | K71: 0 | L71: IMPNRGZ | N71: elc_won_MYS_002 | O71: S02aH01 | P71: 0.018066286 | Q71: IMPNRGZ | S71: elc_wof_MYS_002 | T71: S02aH01 | U71: 0.032708159 | V71: IMPNRGZ | AC71: elc_industry | AD71: S02aH01 | AE71: 0.014153017
I72: elc_spv_MYS_002 | J72: S02aH02 | K72: 0.008010135 | L72: IMPNRGZ | N72: elc_won_MYS_002 | O72: S02aH02 | P72: 0.00491823 | Q72: IMPNRGZ | S72: elc_wof_MYS_002 | T72: S02aH02 | U72: 0.0092820313 | V72: IMPNRGZ | AC72: elc_industry | AD72: S02aH02 | AE72: 0.00409985
I73: elc_spv_MYS_002 | J73: S02aH03 | K73: 0.0062340767 | L73: IMPNRGZ | N73: elc_won_MYS_002 | O73: S02aH03 | P73: 0.0025359437 | Q73: IMPNRGZ | S73: elc_wof_MYS_002 | T73: S02aH03 | U73: 0.0048137878 | V73: IMPNRGZ | AC73: elc_industry | AD73: S02aH03 | AE73: 0.0020580753
I74: elc_spv_MYS_002 | J74: S02aH04 | K74: 0.024742664 | L74: IMPNRGZ | N74: elc_won_MYS_002 | O74: S02aH04 | P74: 0.011833071 | Q74: IMPNRGZ | S74: elc_wof_MYS_002 | T74: S02aH04 | U74: 0.020590394 | V74: IMPNRGZ | AC74: elc_industry | AD74: S02aH04 | AE74: 0.0082687453
I75: elc_spv_MYS_002 | J75: S02aH05 | K75: 0.014659761 | L75: IMPNRGZ | N75: elc_won_MYS_002 | O75: S02aH05 | P75: 0.013911039 | Q75: IMPNRGZ | S75: elc_wof_MYS_002 | T75: S02aH05 | U75: 0.020697688 | V75: IMPNRGZ | AC75: elc_industry | AD75: S02aH05 | AE75: 0.0082727709
I76: elc_spv_MYS_002 | J76: S02aH06 | K76: 0 | L76: IMPNRGZ | N76: elc_won_MYS_002 | O76: S02aH06 | P76: 0.021321686 | Q76: IMPNRGZ | S76: elc_wof_MYS_002 | T76: S02aH06 | U76: 0.032397765 | V76: IMPNRGZ | AC76: elc_industry | AD76: S02aH06 | AE76: 0.012434042
... I118: elc_spv_MYS_002 | J118: S09aH06 | K118: 0 | L118: IMPNRGZ | N118: elc_won_MYS_002 | O118: S09aH06 | P118: 0.048952493 | Q118: IMPNRGZ | S118: elc_wof_MYS_002 | T118: S09aH06 | U118: 0.094878598 | V118: IMPNRGZ | AC118: elc_industry | AD118: S09aH06 | AE118: 0.055130245
I119: elc_spv_MYS_003 | J119: S01aH01 | K119: 0 | L119: IMPNRGZ | N119: elc_won_MYS_003 | O119: S01aH01 | P119: 0.0045143782 | Q119: IMPNRGZ | S119: elc_wof_MYS_003 | T119: S01aH01 | U119: 0.011778336 | V119: IMPNRGZ
I120: elc_spv_MYS_003 | J120: S01aH02 | K120: 0.0012441759 | L120: IMPNRGZ | N120: elc_won_MYS_003 | O120: S01aH02 | P120: 0.00095876665 | Q120: IMPNRGZ | S120: elc_wof_MYS_003 | T120: S01aH02 | U120: 0.0038390932 | V120: IMPNRGZ
I121: elc_spv_MYS_003 | J121: S01aH03 | K121: 0.0011064707 | L121: IMPNRGZ | N121: elc_won_MYS_003 | O121: S01aH03 | P121: 0.0003933565 | Q121: IMPNRGZ | S121: elc_wof_MYS_003 | T121: S01aH03 | U121: 0.0019158809 | V121: IMPNRGZ
I122: elc_spv_MYS_003 | J122: S01aH04 | K122: 0.0050393462 | L122: IMPNRGZ | N122: elc_won_MYS_003 | O122: S01aH04 | P122: 0.0018272278 | Q122: IMPNRGZ | S122: elc_wof_MYS_003 | T122: S01aH04 | U122: 0.0074329722 | V122: IMPNRGZ
I123: elc_spv_MYS_003 | J123: S01aH05 | K123: 0.0021369085 | L123: IMPNRGZ | N123: elc_won_MYS_003 | O123: S01aH05 | P123: 0.0017851392 | Q123: IMPNRGZ | S123: elc_wof_MYS_003 | T123: S01aH05 | U123: 0.0063961476 | V123: IMPNRGZ
I124: elc_spv_MYS_003 | J124: S01aH06 | K124: 0 | L124: IMPNRGZ | N124: elc_won_MYS_003 | O124: S01aH06 | P124: 0.0018686709 | Q124: IMPNRGZ | S124: elc_wof_MYS_003 | T124: S01aH06 | U124: 0.0092767345 | V124: IMPNRGZ
I125: elc_spv_MYS_003 | J125: S02aH01 | K125: 0 | L125: IMPNRGZ | N125: elc_won_MYS_003 | O125: S02aH01 | P125: 0.015024997 | Q125: IMPNRGZ | S125: elc_wof_MYS_003 | T125: S02aH01 | U125: 0.027339204 | V125: IMPNRGZ
I126: elc_spv_MYS_003 | J126: S02aH02 | K126: 0.0078464573 | L126: IMPNRGZ | N126: elc_won_MYS_003 | O126: S02aH02 | P126: 0.0031954428 | Q126: IMPNRGZ | S126: elc_wof_MYS_003 | T126: S02aH02 | U126: 0.0081428604 | V126: IMPNRGZ
I127: elc_spv_MYS_003 | J127: S02aH03 | K127: 0.0060805587 | L127: IMPNRGZ | N127: elc_won_MYS_003 | O127: S02aH03 | P127: 0.0017960406 | Q127: IMPNRGZ | S127: elc_wof_MYS_003 | T127: S02aH03 | U127: 0.0043393283 | V127: IMPNRGZ
I128: elc_spv_MYS_003 | J128: S02aH04 | K128: 0.024942311 | L128: IMPNRGZ | N128: elc_won_MYS_003 | O128: S02aH04 | P128: 0.010678801 | Q128: IMPNRGZ | S128: elc_wof_MYS_003 | T128: S02aH04 | U128: 0.018766891 | V128: IMPNRGZ
I129: elc_spv_MYS_003 | J129: S02aH05 | K129: 0.014023574 | L129: IMPNRGZ | N129: elc_won_MYS_003 | O129: S02aH05 | P129: 0.011700786 | Q129: IMPNRGZ | S129: elc_wof_MYS_003 | T129: S02aH05 | U129: 0.018214801 | V129: IMPNRGZ
I130: elc_spv_MYS_003 | J130: S02aH06 | K130: 0 | L130: IMPNRGZ | N130: elc_won_MYS_003 | O130: S02aH06 | P130: 0.017231277 | Q130: IMPNRGZ | S130: elc_wof_MYS_003 | T130: S02aH06 | U130: 0.026817726 | V130: IMPNRGZ
... I550: elc_spv_MYS_010 | J550: S09aH06 | K550: 0 | L550: IMPNRGZ | N550: elc_won_MYS_010 | O550: S09aH06 | P550: 0.095746917 | Q550: IMPNRGZ | S550: elc_wof_MYS_010 | T550: S09aH06 | U550: 0.05236433 | V550: IMPNRGZ
I551: elc_spv_MYS_011 | J551: S01aH01 | K551: 8.0632058e-07 | L551: IMPNRGZ
I552: elc_spv_MYS_011 | J552: S01aH02 | K552: 0.0011173474 | L552: IMPNRGZ
I553: elc_spv_MYS_011 | J553: S01aH03 | K553: 0.0011851209 | L553: IMPNRGZ
I554: elc_spv_MYS_011 | J554: S01aH04 | K554: 0.0059268609 | L554: IMPNRGZ
I555: elc_spv_MYS_011 | J555: S01aH05 | K555: 0.0030310832 | L555: IMPNRGZ
I556: elc_spv_MYS_011 | J556: S01aH06 | K556: 0 | L556: IMPNRGZ
I557: elc_spv_MYS_011 | J557: S02aH01 | K557: 0 | L557: IMPNRGZ
I558: elc_spv_MYS_011 | J558: S02aH02 | K558: 0.004382282 | L558: IMPNRGZ
I559: elc_spv_MYS_011 | J559: S02aH03 | K559: 0.0044160458 | L559: IMPNRGZ
I560: elc_spv_MYS_011 | J560: S02aH04 | K560: 0.021688487 | L560: IMPNRGZ
I561: elc_spv_MYS_011 | J561: S02aH05 | K561: 0.012510386 | L561: IMPNRGZ
I562: elc_spv_MYS_011 | J562: S02aH06 | K562: 0 | L562: IMPNRGZ
... I1306: elc_spv_MYS_024 | J1306: S09aH06 | K1306: 0.004991501 | L1306: IMPNRGZ

Sheet ts_072P90
C9: =IF(A11="x","DeActivated","~TimeSlices") -> DeActivated | I9: =IF(A11="x","DeActivated","~TFM_DINS-AT") -> DeActivated | N9: =IF(A11="x","DeActivated","~TFM_DINS-AT") -> DeActivated | S9: =IF(A11="x","DeActivated","~TFM_DINS-AT") -> DeActivated | X9: =IF(A11="x","DeActivated","~TFM_DINS-AT") -> DeActivated | AC9: =IF(A11="x","DeActivated","~TFM_DINS-AT") -> DeActivated | AG9: =IF(A11="x","DeActivated","~TFM_DINS-AT") -> DeActivated | AK9: =IF(A11="x","DeActivated","~TFM_INS-AT") -> DeActivated
A10: ts_072P90 | C10: season | D10: weekly | E10: daynite | F10: wparent | G10: dparent | I10: commodity | J10: timeslice | K10: com_fr | L10: process | N10: commodity | O10: timeslice | P10: com_fr | Q10: process | S10: commodity | T10: timeslice | U10: com_fr | V10: process | X10: g_yrfr | Y10: com_fr | Z10: timeslice | AA10: commodity | AC10: commodity | AD10: timeslice | AE10: com_fr | AG10: commodity | AH10: timeslice | AI10: com_pkflx | AK10: Year | AL10: timeslice | AM10: ncap_afs | AN10: pset_ci
A11: =IFERROR(IF(Veda!D5=A10,"ok","x"),"") -> x | C11: S01 | D11: a | E11: H01 | F11: S01,S02,S03,S04,S05,S06,S07,S08,S09 | G11: a | I11: elc_spv_MYS_001 | J11: S01aH01 | K11: 1.3380513e-06 | L11: IMPNRGZ | N11: elc_won_MYS_001 | O11: S01aH01 | P11: 0.0074914734 | Q11: IMPNRGZ | S11: elc_wof_MYS_001 | T11: S01aH01 | U11: 0.0095450179 | V11: IMPNRGZ | X11: 0.0039954338 | Y11: 0.00157787 | Z11: S01aH01 | AA11: elc_roadtransport | AC11: elc_buildings | AD11: S01aH01 | AE11: 0.0024928023 | AG11: ELC | AH11: S01aH01 | AI11: 0.068209773
C12: S02 | E12: H02 | G12: a | I12: elc_spv_MYS_001 | J12: S01aH02 | K12: 0.0014072517 | L12: IMPNRGZ | N12: elc_won_MYS_001 | O12: S01aH02 | P12: 0.0012041932 | Q12: IMPNRGZ | S12: elc_wof_MYS_001 | T12: S01aH02 | U12: 0.0022100896 | V12: IMPNRGZ | X12: 0.0011415525 | Y12: 0.0016822879 | Z12: S01aH02 | AA12: elc_roadtransport | AC12: elc_buildings | AD12: S01aH02 | AE12: 0.0010394333 | AG12: ELC | AH12: S01aH02 | AI12: 0.089391037
C13: S03 | E13: H03 | G13: a | I13: elc_spv_MYS_001 | J13: S01aH03 | K13: 0.0011050177 | L13: IMPNRGZ | N13: elc_won_MYS_001 | O13: S01aH03 | P13: 0.00049698167 | Q13: IMPNRGZ | S13: elc_wof_MYS_001 | T13: S01aH03 | U13: 0.0011911789 | V13: IMPNRGZ | X13: 0.00057077626 | Y13: 0.00072263796 | Z13: S01aH03 | AA13: elc_roadtransport | AC13: elc_buildings | AD13: S01aH03 | AE13: 0.00056831182 | AG13: ELC | AH13: S01aH03 | AI13: 0.049345263
C14: S04 | E14: H04 | G14: a | I14: elc_spv_MYS_001 | J14: S01aH04 | K14: 0.0053219736 | L14: IMPNRGZ | N14: elc_won_MYS_001 | O14: S01aH04 | P14: 0.0018606637 | Q14: IMPNRGZ | S14: elc_wof_MYS_001 | T14: S01aH04 | U14: 0.0049885815 | V14: IMPNRGZ | X14: 0.002283105 | Y14: 0.002864033 | Z14: S01aH04 | AA14: elc_roadtransport | AC14: elc_buildings | AD14: S01aH04 | AE14: 0.0024308196 | AG14: ELC | AH14: S01aH04 | AI14: 0.041779067
C15: S05 | E15: H05 | G15: a | I15: elc_spv_MYS_001 | J15: S01aH05 | K15: 0.0022442468 | L15: IMPNRGZ | N15: elc_won_MYS_001 | O15: S01aH05 | P15: 0.001891005 | Q15: IMPNRGZ | S15: elc_wof_MYS_001 | T15: S01aH05 | U15: 0.0054999441 | V15: IMPNRGZ | X15: 0.002283105 | Y15: 0.003835285 | Z15: S01aH05 | AA15: elc_roadtransport | AC15: elc_buildings | AD15: S01aH05 | AE15: 0.0024622089 | AG15: ELC | AH15: S01aH05 | AI15: 0.043117248
C16: S06 | E16: H06 | G16: a | I16: elc_spv_MYS_001 | J16: S01aH06 | K16: 0 | L16: IMPNRGZ | N16: elc_won_MYS_001 | O16: S01aH06 | P16: 0.0035675606 | Q16: IMPNRGZ | S16: elc_wof_MYS_001 | T16: S01aH06 | U16: 0.0095572812 | V16: IMPNRGZ | X16: 0.0034246575 | Y16: 0.0030165163 | Z16: S01aH06 | AA16: elc_roadtransport | AC16: elc_buildings | AD16: S01aH06 | AE16: 0.0037232941 | AG16: ELC | AH16: S01aH06 | AI16: 0.098980993
C17: S07 | I17: elc_spv_MYS_001 | J17: S02aH01 | K17: 0 | L17: IMPNRGZ | N17: elc_won_MYS_001 | O17: S02aH01 | P17: 0.02046162 | Q17: IMPNRGZ | S17: elc_wof_MYS_001 | T17: S02aH01 | U17: 0.039252801 | V17: IMPNRGZ | X17: 0.014383562 | Y17: 0.0056803321 | Z17: S02aH01 | AA17: elc_roadtransport | AC17: elc_buildings | AD17: S02aH01 | AE17: 0.0089634086 | AG17: ELC | AH17: S02aH01 | AI17: 0.072114199
C18: S08 | I18: elc_spv_MYS_001 | J18: S02aH02 | K18: 0.0076469097 | L18: IMPNRGZ | N18: elc_won_MYS_001 | O18: S02aH02 | P18: 0.0041433298 | Q18: IMPNRGZ | S18: elc_wof_MYS_001 | T18: S02aH02 | U18: 0.011754271 | V18: IMPNRGZ | X18: 0.004109589 | Y18: 0.0060562365 | Z18: S02aH02 | AA18: elc_roadtransport | AC18: elc_buildings | AD18: S02aH02 | AE18: 0.0036235767 | AG18: ELC | AH18: S02aH02 | AI18: 0.10997531
C19: S09 | I19: elc_spv_MYS_001 | J19: S02aH03 | K19: 0.0057058188 | L19: IMPNRGZ | N19: elc_won_MYS_001 | O19: S02aH03 | P19: 0.0024365425 | Q19: IMPNRGZ | S19: elc_wof_MYS_001 | T19: S02aH03 | U19: 0.0061105306 | V19: IMPNRGZ | X19: 0.0020547945 | Y19: 0.0026014967 | Z19: S02aH03 | AA19: elc_roadtransport | AC19: elc_buildings | AD19: S02aH03 | AE19: 0.001966079 | AG19: ELC | AH19: S02aH03 | AI19: 0.074116973
I20: elc_spv_MYS_001 | J20: S02aH04 | K20: 0.024892767 | L20: IMPNRGZ | N20: elc_won_MYS_001 | O20: S02aH04 | P20: 0.012857318 | Q20: IMPNRGZ | S20: elc_wof_MYS_001 | T20: S02aH04 | U20: 0.022562338 | V20: IMPNRGZ | X20: 0.0082191781 | Y20: 0.010310519 | Z20: S02aH04 | AA20: elc_roadtransport | AC20: elc_buildings | AD20: S02aH04 | AE20: 0.0085542342 | AG20: ELC | AH20: S02aH04 | AI20: 0.054648112
I21: elc_spv_MYS_001 | J21: S02aH05 | K21: 0.014640716 | L21: IMPNRGZ | N21: elc_won_MYS_001 | O21: S02aH05 | P21: 0.013714287 | Q21: IMPNRGZ | S21: elc_wof_MYS_001 | T21: S02aH05 | U21: 0.020575387 | V21: IMPNRGZ | X21: 0.0082191781 | Y21: 0.013807026 | Z21: S02aH05 | AA21: elc_roadtransport | AC21: elc_buildings | AD21: S02aH05 | AE21: 0.0086304429 | AG21: ELC | AH21: S02aH05 | AI21: 0.059968566
I22: elc_spv_MYS_001 | J22: S02aH06 | K22: 0 | L22: IMPNRGZ | N22: elc_won_MYS_001 | O22: S02aH06 | P22: 0.02165012 | Q22: IMPNRGZ | S22: elc_wof_MYS_001 | T22: S02aH06 | U22: 0.034591102 | V22: IMPNRGZ | X22: 0.012328767 | Y22: 0.010859459 | Z22: S02aH06 | AA22: elc_roadtransport | AC22: elc_buildings | AD22: S02aH06 | AE22: 0.013416763 | AG22: ELC | AH22: S02aH06 | AI22: 0.10884809
I23: elc_spv_MYS_001 | J23: S03aH01 | K23: 0.0050823782 | L23: IMPNRGZ | N23: elc_won_MYS_001 | O23: S03aH01 | P23: 0.077550264 | Q23: IMPNRGZ | S23: elc_wof_MYS_001 | T23: S03aH01 | U23: 0.083987982 | V23: IMPNRGZ | X23: 0.09109589 | Y23: 0.035975437 | Z23: S03aH01 | AA23: elc_roadtransport | AC23: elc_buildings | AD23: S03aH01 | AE23: 0.066397395 | AG23: ELC | AH23: S03aH01 | AI23: 0.2036251
I24: elc_spv_MYS_001 | J24: S03aH02 | K24: 0.044770665 | L24: IMPNRGZ | N24: elc_won_MYS_001 | O24: S03aH02 | P24: 0.018042835 | Q24: IMPNRGZ | S24: elc_wof_MYS_001 | T24: S03aH02 | U24: 0.024671906 | V24: IMPNRGZ | X24: 0.026027397 | Y24: 0.038356164 | Z24: S03aH02 | AA24: elc_roadtransport | AC24: elc_buildings | AD24: S03aH02 | AE24: 0.024819813 | AG24: ELC | AH24: S03aH02 | AI24: 0.16296052
I25: elc_spv_MYS_001 | J25: S03aH03 | K25: 0.034201691 | L25: IMPNRGZ | N25: elc_won_MYS_001 | O25: S03aH03 | P25: 0.010321159 | Q25: IMPNRGZ | S25: elc_wof_MYS_001 | T25: S03aH03 | U25: 0.012442204 | V25: IMPNRGZ | X25: 0.013013699 | Y25: 0.016476145 | Z25: S03aH03 | AA25: elc_roadtransport | AC25: elc_buildings | AD25: S03aH03 | AE25: 0.014421426 | AG25: ELC | AH25: S03aH03 | AI25: 0.10836604
I26: elc_spv_MYS_001 | J26: S03aH04 | K26: 0.15908929 | L26: IMPNRGZ | N26: elc_won_MYS_001 | O26: S03aH04 | P26: 0.048694982 | Q26: IMPNRGZ | S26: elc_wof_MYS_001 | T26: S03aH04 | U26: 0.046316922 | V26: IMPNRGZ | X26: 0.052054795 | Y26: 0.065299953 | Z26: S03aH04 | AA26: elc_roadtransport | AC26: elc_buildings | AD26: S03aH04 | AE26: 0.066422956 | AG26: ELC | AH26: S03aH04 | AI26: 0.17748595
I27: elc_spv_MYS_001 | J27: S03aH05 | K27: 0.094570183 | L27: IMPNRGZ | N27: elc_won_MYS_001 | O27: S03aH05 | P27: 0.063827154 | Q27: IMPNRGZ | S27: elc_wof_MYS_001 | T27: S03aH05 | U27: 0.040276106 | V27: IMPNRGZ | X27: 0.052054795 | Y27: 0.087444497 | Z27: S03aH05 | AA27: elc_roadtransport | AC27: elc_buildings | AD27: S03aH05 | AE27: 0.06807795 | AG27: ELC | AH27: S03aH05 | AI27: 0.16430981
I28: elc_spv_MYS_001 | J28: S03aH06 | K28: 0 | L28: IMPNRGZ | N28: elc_won_MYS_001 | O28: S03aH06 | P28: 0.083200114 | Q28: IMPNRGZ | S28: elc_wof_MYS_001 | T28: S03aH06 | U28: 0.072423131 | V28: IMPNRGZ | X28: 0.078082192 | Y28: 0.068776571 | Z28: S03aH06 | AA28: elc_roadtransport | AC28: elc_buildings | AD28: S03aH06 | AE28: 0.096848937 | AG28: ELC | AH28: S03aH06 | AI28: 0.16804071
I29: elc_spv_MYS_001 | J29: S04aH01 | K29: 0.0014527633 | L29: IMPNRGZ | N29: elc_won_MYS_001 | O29: S04aH01 | P29: 0.0046744543 | Q29: IMPNRGZ | S29: elc_wof_MYS_001 | T29: S04aH01 | U29: 0.00049575591 | V29: IMPNRGZ | X29: 0.012785388 | Y29: 0.0050491841 | Z29: S04aH01 | AA29: elc_roadtransport | AC29: elc_buildings | AD29: S04aH01 | AE29: 0.010227814 | AG29: ELC | AH29: S04aH01 | AI29: 0.11723364
I30: elc_spv_MYS_001 | J30: S04aH02 | K30: 0.0059606869 | L30: IMPNRGZ | N30: elc_won_MYS_001 | O30: S04aH02 | P30: 0.0010118688 | Q30: IMPNRGZ | S30: elc_wof_MYS_001 | T30: S04aH02 | U30: 0.00015911645 | V30: IMPNRGZ | X30: 0.003652968 | Y30: 0.0053833213 | Z30: S04aH02 | AA30: elc_roadtransport | AC30: elc_buildings | AD30: S04aH02 | AE30: 0.0035906006 | AG30: ELC | AH30: S04aH02 | AI30: 0.10329311
I31: elc_spv_MYS_001 | J31: S04aH03 | K31: 0.0044175687 | L31: IMPNRGZ | N31: elc_won_MYS_001 | O31: S04aH03 | P31: 0.00056372445 | Q31: IMPNRGZ | S31: elc_wof_MYS_001 | T31: S04aH03 | U31: 6.6866523e-05 | V31: IMPNRGZ | X31: 0.001826484 | Y31: 0.0023124415 | Z31: S04aH03 | AA31: elc_roadtransport | AC31: elc_buildings | AD31: S04aH03 | AE31: 0.0021800511 | AG31: ELC | AH31: S04aH03 | AI31: 0.064413895
... I64: elc_spv_MYS_001 | J64: S09aH06 | K64: 0 | L64: IMPNRGZ | N64: elc_won_MYS_001 | O64: S09aH06 | P64: 0.045428406 | Q64: IMPNRGZ | S64: elc_wof_MYS_001 | T64: S09aH06 | U64: 0.074611424 | V64: IMPNRGZ | X64: 0.054794521 | Y64: 0.04826426 | Z64: S09aH06 | AA64: elc_roadtransport | AC64: elc_buildings | AD64: S09aH06 | AE64: 0.051174968 | AG64: ELC | AH64: S09aH06 | AI64: 0.14374606
I65: elc_spv_MYS_002 | J65: S01aH01 | K65: 0 | L65: IMPNRGZ | N65: elc_won_MYS_002 | O65: S01aH01 | P65: 0.0044390425 | Q65: IMPNRGZ | S65: elc_wof_MYS_002 | T65: S01aH01 | U65: 0.011976387 | V65: IMPNRGZ | AC65: elc_industry | AD65: S01aH01 | AE65: 0.0039315503
I66: elc_spv_MYS_002 | J66: S01aH02 | K66: 0.0011869835 | L66: IMPNRGZ | N66: elc_won_MYS_002 | O66: S01aH02 | P66: 0.00096373527 | Q66: IMPNRGZ | S66: elc_wof_MYS_002 | T66: S01aH02 | U66: 0.0039569403 | V66: IMPNRGZ | AC66: elc_industry | AD66: S01aH02 | AE66: 0.0011405843
I67: elc_spv_MYS_002 | J67: S01aH03 | K67: 0.0010846842 | L67: IMPNRGZ | N67: elc_won_MYS_002 | O67: S01aH03 | P67: 0.00046869111 | Q67: IMPNRGZ | S67: elc_wof_MYS_002 | T67: S01aH03 | U67: 0.0019739594 | V67: IMPNRGZ | AC67: elc_industry | AD67: S01aH03 | AE67: 0.00057285914
I68: elc_spv_MYS_002 | J68: S01aH04 | K68: 0.0048799219 | L68: IMPNRGZ | N68: elc_won_MYS_002 | O68: S01aH04 | P68: 0.00206993 | Q68: IMPNRGZ | S68: elc_wof_MYS_002 | T68: S01aH04 | U68: 0.0069549639 | V68: IMPNRGZ | AC68: elc_industry | AD68: S01aH04 | AE68: 0.0022997602
I69: elc_spv_MYS_002 | J69: S01aH05 | K69: 0.0030030589 | L69: IMPNRGZ | N69: elc_won_MYS_002 | O69: S01aH05 | P69: 0.0024576413 | Q69: IMPNRGZ | S69: elc_wof_MYS_002 | T69: S01aH05 | U69: 0.0056386283 | V69: IMPNRGZ | AC69: elc_industry | AD69: S01aH05 | AE69: 0.0023014183
I70: elc_spv_MYS_002 | J70: S01aH06 | K70: 0 | L70: IMPNRGZ | N70: elc_won_MYS_002 | O70: S01aH06 | P70: 0.0027899977 | Q70: IMPNRGZ | S70: elc_wof_MYS_002 | T70: S01aH06 | U70: 0.0090468195 | V70: IMPNRGZ | AC70: elc_industry | AD70: S01aH06 | AE70: 0.0034537111
I71: elc_spv_MYS_002 | J71: S02aH01 | K71: 0 | L71: IMPNRGZ | N71: elc_won_MYS_002 | O71: S02aH01 | P71: 0.018066286 | Q71: IMPNRGZ | S71: elc_wof_MYS_002 | T71: S02aH01 | U71: 0.032708159 | V71: IMPNRGZ | AC71: elc_industry | AD71: S02aH01 | AE71: 0.014153017
I72: elc_spv_MYS_002 | J72: S02aH02 | K72: 0.008010135 | L72: IMPNRGZ | N72: elc_won_MYS_002 | O72: S02aH02 | P72: 0.00491823 | Q72: IMPNRGZ | S72: elc_wof_MYS_002 | T72: S02aH02 | U72: 0.0092820313 | V72: IMPNRGZ | AC72: elc_industry | AD72: S02aH02 | AE72: 0.00409985
I73: elc_spv_MYS_002 | J73: S02aH03 | K73: 0.0062340767 | L73: IMPNRGZ | N73: elc_won_MYS_002 | O73: S02aH03 | P73: 0.0025359437 | Q73: IMPNRGZ | S73: elc_wof_MYS_002 | T73: S02aH03 | U73: 0.0048137878 | V73: IMPNRGZ | AC73: elc_industry | AD73: S02aH03 | AE73: 0.0020580753
I74: elc_spv_MYS_002 | J74: S02aH04 | K74: 0.024742664 | L74: IMPNRGZ | N74: elc_won_MYS_002 | O74: S02aH04 | P74: 0.011833071 | Q74: IMPNRGZ | S74: elc_wof_MYS_002 | T74: S02aH04 | U74: 0.020590394 | V74: IMPNRGZ | AC74: elc_industry | AD74: S02aH04 | AE74: 0.0082687453
I75: elc_spv_MYS_002 | J75: S02aH05 | K75: 0.014659761 | L75: IMPNRGZ | N75: elc_won_MYS_002 | O75: S02aH05 | P75: 0.013911039 | Q75: IMPNRGZ | S75: elc_wof_MYS_002 | T75: S02aH05 | U75: 0.020697688 | V75: IMPNRGZ | AC75: elc_industry | AD75: S02aH05 | AE75: 0.0082727709
I76: elc_spv_MYS_002 | J76: S02aH06 | K76: 0 | L76: IMPNRGZ | N76: elc_won_MYS_002 | O76: S02aH06 | P76: 0.021321686 | Q76: IMPNRGZ | S76: elc_wof_MYS_002 | T76: S02aH06 | U76: 0.032397765 | V76: IMPNRGZ | AC76: elc_industry | AD76: S02aH06 | AE76: 0.012434042
... I118: elc_spv_MYS_002 | J118: S09aH06 | K118: 0 | L118: IMPNRGZ | N118: elc_won_MYS_002 | O118: S09aH06 | P118: 0.048952493 | Q118: IMPNRGZ | S118: elc_wof_MYS_002 | T118: S09aH06 | U118: 0.094878598 | V118: IMPNRGZ | AC118: elc_industry | AD118: S09aH06 | AE118: 0.055130245
I119: elc_spv_MYS_003 | J119: S01aH01 | K119: 0 | L119: IMPNRGZ | N119: elc_won_MYS_003 | O119: S01aH01 | P119: 0.0045143782 | Q119: IMPNRGZ | S119: elc_wof_MYS_003 | T119: S01aH01 | U119: 0.011778336 | V119: IMPNRGZ
I120: elc_spv_MYS_003 | J120: S01aH02 | K120: 0.0012441759 | L120: IMPNRGZ | N120: elc_won_MYS_003 | O120: S01aH02 | P120: 0.00095876665 | Q120: IMPNRGZ | S120: elc_wof_MYS_003 | T120: S01aH02 | U120: 0.0038390932 | V120: IMPNRGZ
I121: elc_spv_MYS_003 | J121: S01aH03 | K121: 0.0011064707 | L121: IMPNRGZ | N121: elc_won_MYS_003 | O121: S01aH03 | P121: 0.0003933565 | Q121: IMPNRGZ | S121: elc_wof_MYS_003 | T121: S01aH03 | U121: 0.0019158809 | V121: IMPNRGZ
I122: elc_spv_MYS_003 | J122: S01aH04 | K122: 0.0050393462 | L122: IMPNRGZ | N122: elc_won_MYS_003 | O122: S01aH04 | P122: 0.0018272278 | Q122: IMPNRGZ | S122: elc_wof_MYS_003 | T122: S01aH04 | U122: 0.0074329722 | V122: IMPNRGZ
I123: elc_spv_MYS_003 | J123: S01aH05 | K123: 0.0021369085 | L123: IMPNRGZ | N123: elc_won_MYS_003 | O123: S01aH05 | P123: 0.0017851392 | Q123: IMPNRGZ | S123: elc_wof_MYS_003 | T123: S01aH05 | U123: 0.0063961476 | V123: IMPNRGZ
I124: elc_spv_MYS_003 | J124: S01aH06 | K124: 0 | L124: IMPNRGZ | N124: elc_won_MYS_003 | O124: S01aH06 | P124: 0.0018686709 | Q124: IMPNRGZ | S124: elc_wof_MYS_003 | T124: S01aH06 | U124: 0.0092767345 | V124: IMPNRGZ
I125: elc_spv_MYS_003 | J125: S02aH01 | K125: 0 | L125: IMPNRGZ | N125: elc_won_MYS_003 | O125: S02aH01 | P125: 0.015024997 | Q125: IMPNRGZ | S125: elc_wof_MYS_003 | T125: S02aH01 | U125: 0.027339204 | V125: IMPNRGZ
I126: elc_spv_MYS_003 | J126: S02aH02 | K126: 0.0078464573 | L126: IMPNRGZ | N126: elc_won_MYS_003 | O126: S02aH02 | P126: 0.0031954428 | Q126: IMPNRGZ | S126: elc_wof_MYS_003 | T126: S02aH02 | U126: 0.0081428604 | V126: IMPNRGZ
I127: elc_spv_MYS_003 | J127: S02aH03 | K127: 0.0060805587 | L127: IMPNRGZ | N127: elc_won_MYS_003 | O127: S02aH03 | P127: 0.0017960406 | Q127: IMPNRGZ | S127: elc_wof_MYS_003 | T127: S02aH03 | U127: 0.0043393283 | V127: IMPNRGZ
I128: elc_spv_MYS_003 | J128: S02aH04 | K128: 0.024942311 | L128: IMPNRGZ | N128: elc_won_MYS_003 | O128: S02aH04 | P128: 0.010678801 | Q128: IMPNRGZ | S128: elc_wof_MYS_003 | T128: S02aH04 | U128: 0.018766891 | V128: IMPNRGZ
I129: elc_spv_MYS_003 | J129: S02aH05 | K129: 0.014023574 | L129: IMPNRGZ | N129: elc_won_MYS_003 | O129: S02aH05 | P129: 0.011700786 | Q129: IMPNRGZ | S129: elc_wof_MYS_003 | T129: S02aH05 | U129: 0.018214801 | V129: IMPNRGZ
I130: elc_spv_MYS_003 | J130: S02aH06 | K130: 0 | L130: IMPNRGZ | N130: elc_won_MYS_003 | O130: S02aH06 | P130: 0.017231277 | Q130: IMPNRGZ | S130: elc_wof_MYS_003 | T130: S02aH06 | U130: 0.026817726 | V130: IMPNRGZ
... I550: elc_spv_MYS_010 | J550: S09aH06 | K550: 0 | L550: IMPNRGZ | N550: elc_won_MYS_010 | O550: S09aH06 | P550: 0.095746917 | Q550: IMPNRGZ | S550: elc_wof_MYS_010 | T550: S09aH06 | U550: 0.05236433 | V550: IMPNRGZ
I551: elc_spv_MYS_011 | J551: S01aH01 | K551: 8.0632058e-07 | L551: IMPNRGZ
I552: elc_spv_MYS_011 | J552: S01aH02 | K552: 0.0011173474 | L552: IMPNRGZ
I553: elc_spv_MYS_011 | J553: S01aH03 | K553: 0.0011851209 | L553: IMPNRGZ
I554: elc_spv_MYS_011 | J554: S01aH04 | K554: 0.0059268609 | L554: IMPNRGZ
I555: elc_spv_MYS_011 | J555: S01aH05 | K555: 0.0030310832 | L555: IMPNRGZ
I556: elc_spv_MYS_011 | J556: S01aH06 | K556: 0 | L556: IMPNRGZ
I557: elc_spv_MYS_011 | J557: S02aH01 | K557: 0 | L557: IMPNRGZ
I558: elc_spv_MYS_011 | J558: S02aH02 | K558: 0.004382282 | L558: IMPNRGZ
I559: elc_spv_MYS_011 | J559: S02aH03 | K559: 0.0044160458 | L559: IMPNRGZ
I560: elc_spv_MYS_011 | J560: S02aH04 | K560: 0.021688487 | L560: IMPNRGZ
I561: elc_spv_MYS_011 | J561: S02aH05 | K561: 0.012510386 | L561: IMPNRGZ
I562: elc_spv_MYS_011 | J562: S02aH06 | K562: 0 | L562: IMPNRGZ
... I1306: elc_spv_MYS_024 | J1306: S09aH06 | K1306: 0.004991501 | L1306: IMPNRGZ

Sheet ts_annual
C9: =IF(A11="x","DeActivated","~TimeSlices") -> ~TimeSlices | I9: =IF(A11="x","DeActivated","~TFM_DINS-AT") -> ~TFM_DINS-AT | N9: =IF(A11="x","DeActivated","~TFM_DINS-AT") -> ~TFM_DINS-AT | S9: =IF(A11="x","DeActivated","~TFM_DINS-AT") -> ~TFM_DINS-AT | X9: =IF(A11="x","DeActivated","~TFM_DINS-AT") -> ~TFM_DINS-AT | AC9: =IF(A11="x","DeActivated","~TFM_DINS-AT") -> ~TFM_DINS-AT | AG9: =IF(A11="x","DeActivated","~TFM_DINS-AT") -> ~TFM_DINS-AT | AK9: =IF(A11="x","DeActivated","~TFM_INS-AT") -> ~TFM_INS-AT
A10: ts_annual | C10: season | D10: weekly | E10: daynite | F10: wparent | G10: dparent | I10: commodity | J10: timeslice | K10: com_fr | L10: process | N10: commodity | O10: timeslice | P10: com_fr | Q10: process | S10: commodity | T10: timeslice | U10: com_fr | V10: process | X10: g_yrfr | Y10: com_fr | Z10: timeslice | AA10: commodity | AC10: commodity | AD10: timeslice | AE10: com_fr | AG10: commodity | AH10: timeslice | AI10: com_pkflx | AK10: Year | AL10: timeslice | AM10: ncap_afs | AN10: pset_ci
A11: =IFERROR(IF(Veda!D5=A10,"ok","x"),"") -> ok | C11: AllS | D11: a | E11: AllH | F11: AllS | G11: a | I11: elc_spv_MYS_001 | J11: AllSaAllH | K11: 1 | L11: IMPNRGZ | N11: elc_won_MYS_001 | O11: AllSaAllH | P11: 1 | Q11: IMPNRGZ | S11: elc_wof_MYS_001 | T11: AllSaAllH | U11: 1 | V11: IMPNRGZ | X11: 1 | Y11: 1 | Z11: AllSaAllH | AA11: elc_roadtransport | AC11: elc_buildings | AD11: AllSaAllH | AE11: 1 | AG11: ELC | AH11: AllSaAllH | AI11: 0.40234946
I12: elc_spv_MYS_002 | J12: AllSaAllH | K12: 1 | L12: IMPNRGZ | N12: elc_won_MYS_002 | O12: AllSaAllH | P12: 1 | Q12: IMPNRGZ | S12: elc_wof_MYS_002 | T12: AllSaAllH | U12: 1 | V12: IMPNRGZ | AC12: elc_industry | AD12: AllSaAllH | AE12: 1
I13: elc_spv_MYS_003 | J13: AllSaAllH | K13: 1 | L13: IMPNRGZ | N13: elc_won_MYS_003 | O13: AllSaAllH | P13: 1 | Q13: IMPNRGZ | S13: elc_wof_MYS_003 | T13: AllSaAllH | U13: 1 | V13: IMPNRGZ
I14: elc_spv_MYS_004 | J14: AllSaAllH | K14: 1 | L14: IMPNRGZ | N14: elc_won_MYS_004 | O14: AllSaAllH | P14: 1 | Q14: IMPNRGZ | S14: elc_wof_MYS_004 | T14: AllSaAllH | U14: 1 | V14: IMPNRGZ
I15: elc_spv_MYS_005 | J15: AllSaAllH | K15: 1 | L15: IMPNRGZ | N15: elc_won_MYS_005 | O15: AllSaAllH | P15: 1 | Q15: IMPNRGZ | S15: elc_wof_MYS_005 | T15: AllSaAllH | U15: 1 | V15: IMPNRGZ
I16: elc_spv_MYS_006 | J16: AllSaAllH | K16: 1 | L16: IMPNRGZ | N16: elc_won_MYS_006 | O16: AllSaAllH | P16: 1 | Q16: IMPNRGZ | S16: elc_wof_MYS_006 | T16: AllSaAllH | U16: 1 | V16: IMPNRGZ
I17: elc_spv_MYS_007 | J17: AllSaAllH | K17: 1 | L17: IMPNRGZ | N17: elc_won_MYS_007 | O17: AllSaAllH | P17: 1 | Q17: IMPNRGZ | S17: elc_wof_MYS_007 | T17: AllSaAllH | U17: 1 | V17: IMPNRGZ
I18: elc_spv_MYS_008 | J18: AllSaAllH | K18: 1 | L18: IMPNRGZ | N18: elc_won_MYS_008 | O18: AllSaAllH | P18: 1 | Q18: IMPNRGZ | S18: elc_wof_MYS_008 | T18: AllSaAllH | U18: 1 | V18: IMPNRGZ
I19: elc_spv_MYS_009 | J19: AllSaAllH | K19: 1 | L19: IMPNRGZ | N19: elc_won_MYS_009 | O19: AllSaAllH | P19: 1 | Q19: IMPNRGZ | S19: elc_wof_MYS_009 | T19: AllSaAllH | U19: 1 | V19: IMPNRGZ
I20: elc_spv_MYS_010 | J20: AllSaAllH | K20: 1 | L20: IMPNRGZ | N20: elc_won_MYS_010 | O20: AllSaAllH | P20: 1 | Q20: IMPNRGZ | S20: elc_wof_MYS_010 | T20: AllSaAllH | U20: 1 | V20: IMPNRGZ
I21: elc_spv_MYS_011 | J21: AllSaAllH | K21: 1 | L21: IMPNRGZ
I22: elc_spv_MYS_012 | J22: AllSaAllH | K22: 1 | L22: IMPNRGZ
I23: elc_spv_MYS_013 | J23: AllSaAllH | K23: 1 | L23: IMPNRGZ
I24: elc_spv_MYS_014 | J24: AllSaAllH | K24: 1 | L24: IMPNRGZ
I25: elc_spv_MYS_015 | J25: AllSaAllH | K25: 1 | L25: IMPNRGZ
I26: elc_spv_MYS_016 | J26: AllSaAllH | K26: 1 | L26: IMPNRGZ
I27: elc_spv_MYS_017 | J27: AllSaAllH | K27: 1 | L27: IMPNRGZ
I28: elc_spv_MYS_018 | J28: AllSaAllH | K28: 1 | L28: IMPNRGZ
I29: elc_spv_MYS_019 | J29: AllSaAllH | K29: 1 | L29: IMPNRGZ
I30: elc_spv_MYS_020 | J30: AllSaAllH | K30: 1 | L30: IMPNRGZ
I31: elc_spv_MYS_021 | J31: AllSaAllH | K31: 1 | L31: IMPNRGZ
I32: elc_spv_MYS_022 | J32: AllSaAllH | K32: 1 | L32: IMPNRGZ
... I34: elc_spv_MYS_024 | J34: AllSaAllH | K34: 1 | L34: IMPNRGZ

Sheet ts_12t
C9: =IF(A11="x","DeActivated","~TimeSlices") -> DeActivated | I9: =IF(A11="x","DeActivated","~TFM_DINS-AT") -> DeActivated | N9: =IF(A11="x","DeActivated","~TFM_DINS-AT") -> DeActivated | S9: =IF(A11="x","DeActivated","~TFM_DINS-AT") -> DeActivated | X9: =IF(A11="x","DeActivated","~TFM_DINS-AT") -> DeActivated | AC9: =IF(A11="x","DeActivated","~TFM_DINS-AT") -> DeActivated | AG9: =IF(A11="x","DeActivated","~TFM_DINS-AT") -> DeActivated | AK9: =IF(A11="x","DeActivated","~TFM_INS-AT") -> DeActivated
A10: ts_12t | C10: season | D10: weekly | E10: daynite | F10: wparent | G10: dparent | I10: commodity | J10: timeslice | K10: com_fr | L10: process | N10: commodity | O10: timeslice | P10: com_fr | Q10: process | S10: commodity | T10: timeslice | U10: com_fr | V10: process | X10: g_yrfr | Y10: com_fr | Z10: timeslice | AA10: commodity | AC10: commodity | AD10: timeslice | AE10: com_fr | AG10: commodity | AH10: timeslice | AI10: com_pkflx | AK10: Year | AL10: timeslice | AM10: ncap_afs | AN10: pset_ci
A11: =IFERROR(IF(Veda!D5=A10,"ok","x"),"") -> x | C11: F | D11: a | E11: D | F11: W,R,S,F | G11: a | I11: elc_spv_MYS_001 | J11: FaD | K11: 0.23135811 | L11: IMPNRGZ | N11: elc_won_MYS_001 | O11: FaD | P11: 0.14216489 | Q11: IMPNRGZ | S11: elc_wof_MYS_001 | T11: FaD | U11: 0.083514322 | V11: IMPNRGZ | X11: 0.11426941 | Y11: 0.16087081 | Z11: FaD | AA11: elc_roadtransport | AC11: elc_buildings | AD11: FaD | AE11: 0.099898271 | AG11: ELC | AH11: FaD | AI11: 0.09852028
C12: R | E12: N | G12: a | I12: elc_spv_MYS_001 | J12: FaN | K12: 0 | L12: IMPNRGZ | N12: elc_won_MYS_001 | O12: FaN | P12: 0.16101597 | Q12: IMPNRGZ | S12: elc_wof_MYS_001 | T12: FaN | U12: 0.076484278 | V12: IMPNRGZ | X12: 0.11426941 | Y12: 0.052547713 | Z12: FaN | AA12: elc_roadtransport | AC12: elc_buildings | AD12: FaN | AE12: 0.083761762 | AG12: ELC | AH12: FaN | AI12: 0.28966196
C13: S | E13: P | G13: a | I13: elc_spv_MYS_001 | J13: FaP | K13: 0.0049466015 | L13: IMPNRGZ | N13: elc_won_MYS_001 | O13: FaP | P13: 0.035022188 | Q13: IMPNRGZ | S13: elc_wof_MYS_001 | T13: FaP | U13: 0.015202677 | V13: IMPNRGZ | X13: 0.020776256 | Y13: 0.035896543 | Z13: FaP | AA13: elc_roadtransport | AC13: elc_buildings | AD13: FaP | AE13: 0.020845792 | AG13: ELC | AH13: FaP | AI13: 0.10791282
C14: W | I14: elc_spv_MYS_001 | J14: RaD | K14: 0.26812649 | L14: IMPNRGZ | N14: elc_won_MYS_001 | O14: RaD | P14: 0.063285357 | Q14: IMPNRGZ | S14: elc_wof_MYS_001 | T14: RaD | U14: 0.037091938 | V14: IMPNRGZ | X14: 0.11552511 | Y14: 0.16263862 | Z14: RaD | AA14: elc_roadtransport | AC14: elc_buildings | AD14: RaD | AE14: 0.14987756 | AG14: ELC | AH14: RaD | AI14: 0.17277073
I15: elc_spv_MYS_001 | J15: RaN | K15: 0 | L15: IMPNRGZ | N15: elc_won_MYS_001 | O15: RaN | P15: 0.070286824 | Q15: IMPNRGZ | S15: elc_wof_MYS_001 | T15: RaN | U15: 0.040158161 | V15: IMPNRGZ | X15: 0.11552511 | Y15: 0.053125161 | Z15: RaN | AA15: elc_roadtransport | AC15: elc_buildings | AD15: RaN | AE15: 0.12123869 | AG15: ELC | AH15: RaN | AI15: 0.27619708
I16: elc_spv_MYS_001 | J16: RaP | K16: 0.0099646292 | L16: IMPNRGZ | N16: elc_won_MYS_001 | O16: RaP | P16: 0.013126284 | Q16: IMPNRGZ | S16: elc_wof_MYS_001 | T16: RaP | U16: 0.0062743302 | V16: IMPNRGZ | X16: 0.021004566 | Y16: 0.036291011 | Z16: RaP | AA16: elc_roadtransport | AC16: elc_buildings | AD16: RaP | AE16: 0.030723743 | AG16: ELC | AH16: RaP | AI16: 0.088313866
I17: elc_spv_MYS_001 | J17: SaD | K17: 0.24555776 | L17: IMPNRGZ | N17: elc_won_MYS_001 | O17: SaD | P17: 0.079588565 | Q17: IMPNRGZ | S17: elc_wof_MYS_001 | T17: SaD | U17: 0.083226542 | V17: IMPNRGZ | X17: 0.11552511 | Y17: 0.16263862 | Z17: SaD | AA17: elc_roadtransport | AC17: elc_buildings | AD17: SaD | AE17: 0.14291933 | AG17: ELC | AH17: SaD | AI17: 0.24500253
I18: elc_spv_MYS_001 | J18: SaN | K18: 0 | L18: IMPNRGZ | N18: elc_won_MYS_001 | O18: SaN | P18: 0.11017696 | Q18: IMPNRGZ | S18: elc_wof_MYS_001 | T18: SaN | U18: 0.071286818 | V18: IMPNRGZ | X18: 0.11552511 | Y18: 0.053125161 | Z18: SaN | AA18: elc_roadtransport | AC18: elc_buildings | AD18: SaN | AE18: 0.11617684 | AG18: ELC | AH18: SaN | AI18: 0.36199237
I19: elc_spv_MYS_001 | J19: SaP | K19: 0.0081840568 | L19: IMPNRGZ | N19: elc_won_MYS_001 | O19: SaP | P19: 0.023875045 | Q19: IMPNRGZ | S19: elc_wof_MYS_001 | T19: SaP | U19: 0.014388537 | V19: IMPNRGZ | X19: 0.021004566 | Y19: 0.036291011 | Z19: SaP | AA19: elc_roadtransport | AC19: elc_buildings | AD19: SaP | AE19: 0.029588672 | AG19: ELC | AH19: SaP | AI19: 0.15665158
I20: elc_spv_MYS_001 | J20: WaD | K20: 0.22578127 | L20: IMPNRGZ | N20: elc_won_MYS_001 | O20: WaD | P20: 0.13083418 | Q20: IMPNRGZ | S20: elc_wof_MYS_001 | T20: WaD | U20: 0.25768554 | V20: IMPNRGZ | X20: 0.1130137 | Y20: 0.159103 | Z20: WaD | AA20: elc_roadtransport | AC20: elc_buildings | AD20: WaD | AE20: 0.10007326 | AG20: ELC | AH20: WaD | AI20: 0.1439965
I21: elc_spv_MYS_001 | J21: WaN | K21: 0 | L21: IMPNRGZ | N21: elc_won_MYS_001 | O21: WaN | P21: 0.14205523 | Q21: IMPNRGZ | S21: elc_wof_MYS_001 | T21: WaN | U21: 0.27128037 | V21: IMPNRGZ | X21: 0.1130137 | Y21: 0.051970266 | Z21: WaN | AA21: elc_roadtransport | AC21: elc_buildings | AD21: WaN | AE21: 0.084181256 | AG21: ELC | AH21: WaN | AI21: 0.33730783
I22: elc_spv_MYS_001 | J22: WaP | K22: 0.0060810806 | L22: IMPNRGZ | N22: elc_won_MYS_001 | O22: WaP | P22: 0.028568507 | Q22: IMPNRGZ | S22: elc_wof_MYS_001 | T22: WaP | U22: 0.043406482 | V22: IMPNRGZ | X22: 0.020547945 | Y22: 0.035502076 | Z22: WaP | AA22: elc_roadtransport | AC22: elc_buildings | AD22: WaP | AE22: 0.020714821 | AG22: ELC | AH22: WaP | AI22: 0.15310287
I23: elc_spv_MYS_002 | J23: FaD | K23: 0.2219361 | L23: IMPNRGZ | N23: elc_won_MYS_002 | O23: FaD | P23: 0.14451169 | Q23: IMPNRGZ | S23: elc_wof_MYS_002 | T23: FaD | U23: 0.090828204 | V23: IMPNRGZ | AC23: elc_industry | AD23: FaD | AE23: 0.11449154
I24: elc_spv_MYS_002 | J24: FaN | K24: 0 | L24: IMPNRGZ | N24: elc_won_MYS_002 | O24: FaN | P24: 0.12698619 | Q24: IMPNRGZ | S24: elc_wof_MYS_002 | T24: FaN | U24: 0.086420557 | V24: IMPNRGZ | AC24: elc_industry | AD24: FaN | AE24: 0.11363915
I25: elc_spv_MYS_002 | J25: FaP | K25: 0.0056725362 | L25: IMPNRGZ | N25: elc_won_MYS_002 | O25: FaP | P25: 0.023849113 | Q25: IMPNRGZ | S25: elc_wof_MYS_002 | T25: FaP | U25: 0.014947042 | V25: IMPNRGZ | AC25: elc_industry | AD25: FaP | AE25: 0.020958343
I26: elc_spv_MYS_002 | J26: RaD | K26: 0.2638458 | L26: IMPNRGZ | N26: elc_won_MYS_002 | O26: RaD | P26: 0.044555889 | Q26: IMPNRGZ | S26: elc_wof_MYS_002 | T26: RaD | U26: 0.047035983 | V26: IMPNRGZ | AC26: elc_industry | AD26: RaD | AE26: 0.1162495
I27: elc_spv_MYS_002 | J27: RaN | K27: 0 | L27: IMPNRGZ | N27: elc_won_MYS_002 | O27: RaN | P27: 0.060065332 | Q27: IMPNRGZ | S27: elc_wof_MYS_002 | T27: RaN | U27: 0.044044711 | V27: IMPNRGZ | AC27: elc_industry | AD27: RaN | AE27: 0.11473668
I28: elc_spv_MYS_002 | J28: RaP | K28: 0.0090291413 | L28: IMPNRGZ | N28: elc_won_MYS_002 | O28: RaP | P28: 0.012939194 | Q28: IMPNRGZ | S28: elc_wof_MYS_002 | T28: RaP | U28: 0.0074550752 | V28: IMPNRGZ | AC28: elc_industry | AD28: RaP | AE28: 0.021319746
I29: elc_spv_MYS_002 | J29: SaD | K29: 0.24402516 | L29: IMPNRGZ | N29: elc_won_MYS_002 | O29: SaD | P29: 0.12842992 | Q29: IMPNRGZ | S29: elc_wof_MYS_002 | T29: SaD | U29: 0.069746882 | V29: IMPNRGZ | AC29: elc_industry | AD29: SaD | AE29: 0.11617003
I30: elc_spv_MYS_002 | J30: SaN | K30: 0 | L30: IMPNRGZ | N30: elc_won_MYS_002 | O30: SaN | P30: 0.095816608 | Q30: IMPNRGZ | S30: elc_wof_MYS_002 | T30: SaN | U30: 0.044963954 | V30: IMPNRGZ | AC30: elc_industry | AD30: SaN | AE30: 0.11475738
I31: elc_spv_MYS_002 | J31: SaP | K31: 0.009479984 | L31: IMPNRGZ | N31: elc_won_MYS_002 | O31: SaP | P31: 0.019576891 | Q31: IMPNRGZ | S31: elc_wof_MYS_002 | T31: SaP | U31: 0.0073690267 | V31: IMPNRGZ | AC31: elc_industry | AD31: SaP | AE31: 0.021312166
I32: elc_spv_MYS_002 | J32: WaD | K32: 0.23723682 | L32: IMPNRGZ | N32: elc_won_MYS_002 | O32: WaD | P32: 0.14732879 | Q32: IMPNRGZ | S32: elc_wof_MYS_002 | T32: WaD | U32: 0.27050346 | V32: IMPNRGZ | AC32: elc_industry | AD32: WaD | AE32: 0.11324126
I33: elc_spv_MYS_002 | J33: WaN | K33: 0 | L33: IMPNRGZ | N33: elc_won_MYS_002 | O33: WaN | P33: 0.16092267 | Q33: IMPNRGZ | S33: elc_wof_MYS_002 | T33: WaN | U33: 0.27052709 | V33: IMPNRGZ | AC33: elc_industry | AD33: WaN | AE33: 0.11240178
I34: elc_spv_MYS_002 | J34: WaP | K34: 0.0087744573 | L34: IMPNRGZ | N34: elc_won_MYS_002 | O34: WaP | P34: 0.035017704 | Q34: IMPNRGZ | S34: elc_wof_MYS_002 | T34: WaP | U34: 0.046158017 | V34: IMPNRGZ | AC34: elc_industry | AD34: WaP | AE34: 0.02072242
I35: elc_spv_MYS_003 | J35: FaD | K35: 0.22937306 | L35: IMPNRGZ | N35: elc_won_MYS_003 | O35: FaD | P35: 0.16145774 | Q35: IMPNRGZ | S35: elc_wof_MYS_003 | T35: FaD | U35: 0.10537206 | V35: IMPNRGZ
I36: elc_spv_MYS_003 | J36: FaN | K36: 0 | L36: IMPNRGZ | N36: elc_won_MYS_003 | O36: FaN | P36: 0.14983422 | Q36: IMPNRGZ | S36: elc_wof_MYS_003 | T36: FaN | U36: 0.1046314 | V36: IMPNRGZ
I37: elc_spv_MYS_003 | J37: FaP | K37: 0.0042717817 | L37: IMPNRGZ | N37: elc_won_MYS_003 | O37: FaP | P37: 0.030891708 | Q37: IMPNRGZ | S37: elc_wof_MYS_003 | T37: FaP | U37: 0.017902775 | V37: IMPNRGZ
I38: elc_spv_MYS_003 | J38: RaD | K38: 0.26509067 | L38: IMPNRGZ | N38: elc_won_MYS_003 | O38: RaD | P38: 0.047240235 | Q38: IMPNRGZ | S38: elc_wof_MYS_003 | T38: RaD | U38: 0.051416136 | V38: IMPNRGZ
I39: elc_spv_MYS_003 | J39: RaN | K39: 0 | L39: IMPNRGZ | N39: elc_won_MYS_003 | O39: RaN | P39: 0.05725577 | Q39: IMPNRGZ | S39: elc_wof_MYS_003 | T39: RaN | U39: 0.044913278 | V39: IMPNRGZ
I40: elc_spv_MYS_003 | J40: RaP | K40: 0.0075503249 | L40: IMPNRGZ | N40: elc_won_MYS_003 | O40: RaP | P40: 0.011846224 | Q40: IMPNRGZ | S40: elc_wof_MYS_003 | T40: RaP | U40: 0.0076671251 | V40: IMPNRGZ
I41: elc_spv_MYS_003 | J41: SaD | K41: 0.25026192 | L41: IMPNRGZ | N41: elc_won_MYS_003 | O41: SaD | P41: 0.12362818 | Q41: IMPNRGZ | S41: elc_wof_MYS_003 | T41: SaD | U41: 0.070870035 | V41: IMPNRGZ
I42: elc_spv_MYS_003 | J42: SaN | K42: 0 | L42: IMPNRGZ | N42: elc_won_MYS_003 | O42: SaN | P42: 0.10993782 | Q42: IMPNRGZ | S42: elc_wof_MYS_003 | T42: SaN | U42: 0.048694921 | V42: IMPNRGZ
I43: elc_spv_MYS_003 | J43: SaP | K43: 0.0078852267 | L43: IMPNRGZ | N43: elc_won_MYS_003 | O43: SaP | P43: 0.025537006 | Q43: IMPNRGZ | S43: elc_wof_MYS_003 | T43: SaP | U43: 0.0077972262 | V43: IMPNRGZ
I44: elc_spv_MYS_003 | J44: WaD | K44: 0.2292464 | L44: IMPNRGZ | N44: elc_won_MYS_003 | O44: WaD | P44: 0.12466217 | Q44: IMPNRGZ | S44: elc_wof_MYS_003 | T44: WaD | U44: 0.25470791 | V44: IMPNRGZ
I45: elc_spv_MYS_003 | J45: WaN | K45: 0 | L45: IMPNRGZ | N45: elc_won_MYS_003 | O45: WaN | P45: 0.12898178 | Q45: IMPNRGZ | S45: elc_wof_MYS_003 | T45: WaN | U45: 0.24333629 | V45: IMPNRGZ
I46: elc_spv_MYS_003 | J46: WaP | K46: 0.0063206137 | L46: IMPNRGZ | N46: elc_won_MYS_003 | O46: WaP | P46: 0.028727138 | Q46: IMPNRGZ | S46: elc_wof_MYS_003 | T46: WaP | U46: 0.042690848 | V46: IMPNRGZ
... I130: elc_spv_MYS_010 | J130: WaP | K130: 0.0077864811 | L130: IMPNRGZ | N130: elc_won_MYS_010 | O130: WaP | P130: 0.059256256 | Q130: IMPNRGZ | S130: elc_wof_MYS_010 | T130: WaP | U130: 0.029688839 | V130: IMPNRGZ
I131: elc_spv_MYS_011 | J131: FaD | K131: 0.2496301 | L131: IMPNRGZ
I132: elc_spv_MYS_011 | J132: FaN | K132: 0 | L132: IMPNRGZ
I133: elc_spv_MYS_011 | J133: FaP | K133: 0.0055220231 | L133: IMPNRGZ
I134: elc_spv_MYS_011 | J134: RaD | K134: 0.24914967 | L134: IMPNRGZ
I135: elc_spv_MYS_011 | J135: RaN | K135: 0 | L135: IMPNRGZ
I136: elc_spv_MYS_011 | J136: RaP | K136: 0.0063583895 | L136: IMPNRGZ
I137: elc_spv_MYS_011 | J137: SaD | K137: 0.24948984 | L137: IMPNRGZ
I138: elc_spv_MYS_011 | J138: SaN | K138: 0 | L138: IMPNRGZ
I139: elc_spv_MYS_011 | J139: SaP | K139: 0.0080561791 | L139: IMPNRGZ
I140: elc_spv_MYS_011 | J140: WaD | K140: 0.22534919 | L140: IMPNRGZ
I141: elc_spv_MYS_011 | J141: WaN | K141: 0 | L141: IMPNRGZ
I142: elc_spv_MYS_011 | J142: WaP | K142: 0.0064446094 | L142: IMPNRGZ
... I298: elc_spv_MYS_024 | J298: WaP | K298: 0.020934497 | L298: IMPNRGZ
